-- phpMyAdmin SQL Dump
-- version 4.0.10deb1
-- http://www.phpmyadmin.net
--
-- Host: localhost
-- Generation Time: May 08, 2017 at 09:30 AM
-- Server version: 5.5.55-0ubuntu0.14.04.1
-- PHP Version: 5.5.9-1ubuntu4.21

SET SQL_MODE = "NO_AUTO_VALUE_ON_ZERO";
SET time_zone = "+00:00";


/*!40101 SET @OLD_CHARACTER_SET_CLIENT=@@CHARACTER_SET_CLIENT */;
/*!40101 SET @OLD_CHARACTER_SET_RESULTS=@@CHARACTER_SET_RESULTS */;
/*!40101 SET @OLD_COLLATION_CONNECTION=@@COLLATION_CONNECTION */;
/*!40101 SET NAMES utf8 */;

--
-- Database: `plan_calendar`
--

-- --------------------------------------------------------

--
-- Table structure for table `calendar`
--

CREATE TABLE IF NOT EXISTS `calendar` (
  `id` int(11) NOT NULL AUTO_INCREMENT,
  `user_id` int(11) NOT NULL,
  `name` varchar(255) COLLATE utf8_bin NOT NULL,
  PRIMARY KEY (`id`),
  UNIQUE KEY `user_id` (`user_id`,`name`)
) ENGINE=InnoDB  DEFAULT CHARSET=utf8 COLLATE=utf8_bin AUTO_INCREMENT=13 ;

--
-- Dumping data for table `calendar`
--

INSERT INTO `calendar` (`id`, `user_id`, `name`) VALUES
(11, 1, ''),
(1, 1, 'Kalendar 1'),
(2, 1, 'Kalendar 2'),
(8, 1, 'Kalendar 20'),
(6, 1, 'Kalendar 4'),
(7, 1, 'Kalendar 5'),
(9, 1, 'Pracovni kalendar'),
(4, 1, 'asasas'),
(5, 1, 'asasasasas'),
(3, 2, 'Kalendar 3'),
(12, 10, 'Pracovni kalendar');

-- --------------------------------------------------------

--
-- Table structure for table `event`
--

CREATE TABLE IF NOT EXISTS `event` (
  `id` int(11) NOT NULL AUTO_INCREMENT,
  `parent_id` int(11) DEFAULT NULL,
  `status` int(11) NOT NULL DEFAULT '1' COMMENT '1 - povinny, 2 - volitelny, 3 - presouvatelny',
  `public` tinyint(1) NOT NULL DEFAULT '1' COMMENT '1 - soukroma, 2 - verejna, 3 - sdilena',
  `name` varchar(512) COLLATE utf8_bin NOT NULL,
  `description` text COLLATE utf8_bin,
  `repeatable` tinyint(4) DEFAULT '0' COMMENT 'opakovani - 1 - ano, 0 - ne',
  `repeat_const` double DEFAULT '0' COMMENT 'Opakovat po - casovy interval v hod',
  `repeat_count` int(11) DEFAULT '0' COMMENT 'Kolikrat se bude opakovat, nekonecno = -1',
  `calendar_id` int(11) NOT NULL,
  `datetime_start` datetime NOT NULL,
  `datetime_end` datetime DEFAULT NULL,
  PRIMARY KEY (`id`),
  UNIQUE KEY `datetime_start` (`datetime_start`,`calendar_id`)
) ENGINE=InnoDB  DEFAULT CHARSET=utf8 COLLATE=utf8_bin AUTO_INCREMENT=8052 ;

--
-- Dumping data for table `event`
--

INSERT INTO `event` (`id`, `parent_id`, `status`, `public`, `name`, `description`, `repeatable`, `repeat_const`, `repeat_count`, `calendar_id`, `datetime_start`, `datetime_end`) VALUES
(1, NULL, 1, 1, '1', '1', 1, 1, 5, 1, '2017-07-07 00:00:00', '2017-07-07 01:00:00'),
(2, 1, 1, 1, '1', '1', 1, 1, 5, 1, '2017-07-07 02:00:00', '2017-07-07 03:00:00'),
(3, 1, 1, 1, '1', '1', 1, 1, 5, 1, '2017-07-07 04:00:00', '2017-07-07 05:00:00'),
(4, 1, 1, 1, '1', '1', 1, 1, 5, 1, '2017-07-07 08:00:00', '2017-07-07 09:00:00'),
(5, 1, 1, 1, '1', '1', 1, 1, 5, 1, '2017-07-07 10:00:00', '2017-07-07 11:00:00'),
(6, NULL, 3, 3, '2', '2', 0, 0, -1, 1, '2019-05-05 01:00:00', '2019-05-05 02:00:00'),
(7, NULL, 3, 1, 'Udalost 1', 'Testovaci udalost cislo 1', 0, 0, -1, 9, '2018-01-01 15:00:00', '2018-01-01 15:20:00'),
(8, NULL, 3, 3, 'Udalost 2', 'Testovaci udalost cislo 2', 1, 0.5, 3, 9, '2018-02-02 21:00:00', '2018-02-02 22:00:00'),
(9, 8, 3, 3, 'Udalost 2', 'Testovaci udalost cislo 2', 1, 0.5, 3, 9, '2018-02-02 22:30:00', '2018-02-02 23:30:00'),
(10, 8, 3, 3, 'Udalost 2', 'Testovaci udalost cislo 2', 1, 0.5, 3, 9, '2018-02-03 00:00:00', '2018-02-03 01:00:00'),
(11, 8, 3, 3, 'Udalost 2', 'Testovaci udalost cislo 2', 1, 0.5, 3, 9, '2018-02-03 01:30:00', '2018-02-03 02:30:00'),
(12, NULL, 3, 3, 'Udalost 3', '3', 1, 2000000, 0, 9, '2019-02-02 06:00:00', '2019-02-02 06:20:00'),
(13, 12, 3, 3, 'Udalost 3', '3', 1, 2000000, 0, 9, '0000-00-00 00:00:00', '0000-00-00 00:00:00'),
(14, 12, 3, 3, 'Udalost 3', '3', 1, 2000000, 0, 9, '2019-02-02 06:39:59', '2019-02-02 06:59:58'),
(17, 12, 3, 3, 'Udalost 3', '3', 1, 2000000, 0, 9, '2019-02-02 07:59:55', '2019-02-02 08:19:54'),
(19, 12, 3, 3, 'Udalost 3', '3', 1, 2000000, 0, 9, '2019-02-02 08:39:53', '2019-02-02 08:59:52'),
(21, 12, 3, 3, 'Udalost 3', '3', 1, 2000000, 0, 9, '2019-02-02 09:19:51', '2019-02-02 09:39:50'),
(23, 12, 3, 3, 'Udalost 3', '3', 1, 2000000, 0, 9, '2019-02-02 09:59:48', '2019-02-02 10:19:46'),
(25, 12, 3, 3, 'Udalost 3', '3', 1, 2000000, 0, 9, '2019-02-02 10:39:44', '2019-02-02 10:59:41'),
(27, 12, 3, 3, 'Udalost 3', '3', 1, 2000000, 0, 9, '2019-02-02 11:19:38', '2019-02-02 11:39:34'),
(30, 12, 3, 3, 'Udalost 3', '3', 1, 2000000, 0, 9, '2019-02-02 12:39:19', '2019-02-02 12:59:13'),
(32, 12, 3, 3, 'Udalost 3', '3', 1, 2000000, 0, 9, '2019-02-02 13:19:07', '2019-02-02 13:39:01'),
(34, 12, 3, 3, 'Udalost 3', '3', 1, 2000000, 0, 9, '2019-02-02 13:58:54', '2019-02-02 14:18:47'),
(36, 12, 3, 3, 'Udalost 3', '3', 1, 2000000, 0, 9, '2019-02-02 14:38:40', '2019-02-02 14:58:33'),
(38, 12, 3, 3, 'Udalost 3', '3', 1, 2000000, 0, 9, '2019-02-02 15:18:25', '2019-02-02 15:38:16'),
(40, 12, 3, 3, 'Udalost 3', '3', 1, 2000000, 0, 9, '2019-02-02 15:58:06', '2019-02-02 16:17:55'),
(42, 12, 3, 3, 'Udalost 3', '3', 1, 2000000, 0, 9, '2019-02-02 16:37:44', '2019-02-02 16:57:33'),
(44, 12, 3, 3, 'Udalost 3', '3', 1, 2000000, 0, 9, '2019-02-02 17:17:21', '2019-02-02 17:37:09'),
(46, 12, 3, 3, 'Udalost 3', '3', 1, 2000000, 0, 9, '2019-02-02 17:56:57', '2019-02-02 18:16:44'),
(48, 12, 3, 3, 'Udalost 3', '3', 1, 2000000, 0, 9, '2019-02-02 18:36:30', '2019-02-02 18:56:15'),
(51, 12, 3, 3, 'Udalost 3', '3', 1, 2000000, 0, 9, '2019-02-02 19:55:26', '2019-02-02 20:15:09'),
(53, 12, 3, 3, 'Udalost 3', '3', 1, 2000000, 0, 9, '2019-02-02 20:34:51', '2019-02-02 20:54:32'),
(55, 12, 3, 3, 'Udalost 3', '3', 1, 2000000, 0, 9, '2019-02-02 21:14:12', '2019-02-02 21:33:51'),
(57, 12, 3, 3, 'Udalost 3', '3', 1, 2000000, 0, 9, '2019-02-02 21:53:30', '2019-02-02 22:13:09'),
(59, 12, 3, 3, 'Udalost 3', '3', 1, 2000000, 0, 9, '2019-02-02 22:32:48', '2019-02-02 22:52:26'),
(61, 12, 3, 3, 'Udalost 3', '3', 1, 2000000, 0, 9, '2019-02-02 23:12:04', '2019-02-02 23:31:41'),
(63, 12, 3, 3, 'Udalost 3', '3', 1, 2000000, 0, 9, '2019-02-02 23:51:17', '2019-02-03 00:10:52'),
(65, 12, 3, 3, 'Udalost 3', '3', 1, 2000000, 0, 9, '2019-02-03 00:30:26', '2019-02-03 00:50:00'),
(67, 12, 3, 3, 'Udalost 3', '3', 1, 2000000, 0, 9, '2019-02-03 01:09:33', '2019-02-03 01:29:05'),
(69, 12, 3, 3, 'Udalost 3', '3', 1, 2000000, 0, 9, '2019-02-03 01:48:37', '2019-02-03 02:08:08'),
(71, 12, 3, 3, 'Udalost 3', '3', 1, 2000000, 0, 9, '2019-02-03 02:27:38', '2019-02-03 02:47:07'),
(73, 12, 3, 3, 'Udalost 3', '3', 1, 2000000, 0, 9, '2019-02-03 03:06:36', '2019-02-03 03:26:05'),
(75, 12, 3, 3, 'Udalost 3', '3', 1, 2000000, 0, 9, '2019-02-03 03:45:33', '2019-02-03 04:05:00'),
(77, 12, 3, 3, 'Udalost 3', '3', 1, 2000000, 0, 9, '2019-02-03 04:24:27', '2019-02-03 04:43:54'),
(79, 12, 3, 3, 'Udalost 3', '3', 1, 2000000, 0, 9, '2019-02-03 05:03:21', '2019-02-03 05:22:48'),
(81, 12, 3, 3, 'Udalost 3', '3', 1, 2000000, 0, 9, '2019-02-03 05:42:15', '2019-02-03 06:01:42'),
(83, 12, 3, 3, 'Udalost 3', '3', 1, 2000000, 0, 9, '2019-02-03 06:21:09', '2019-02-03 06:40:36'),
(86, 12, 3, 3, 'Udalost 3', '3', 1, 2000000, 0, 9, '2019-02-03 07:38:57', '2019-02-03 07:58:24'),
(88, 12, 3, 3, 'Udalost 3', '3', 1, 2000000, 0, 9, '2019-02-03 08:17:51', '2019-02-03 08:37:18'),
(90, 12, 3, 3, 'Udalost 3', '3', 1, 2000000, 0, 9, '2019-02-03 08:56:44', '2019-02-03 09:16:10'),
(92, 12, 3, 3, 'Udalost 3', '3', 1, 2000000, 0, 9, '2019-02-03 09:35:35', '2019-02-03 09:54:59'),
(94, 12, 3, 3, 'Udalost 3', '3', 1, 2000000, 0, 9, '2019-02-03 10:14:23', '2019-02-03 10:33:47'),
(96, 12, 3, 3, 'Udalost 3', '3', 1, 2000000, 0, 9, '2019-02-03 10:53:11', '2019-02-03 11:12:35'),
(98, 12, 3, 3, 'Udalost 3', '3', 1, 2000000, 0, 9, '2019-02-03 11:31:59', '2019-02-03 11:51:23'),
(101, 12, 3, 3, 'Udalost 3', '3', 1, 2000000, 0, 9, '2019-02-03 12:49:34', '2019-02-03 13:08:57'),
(103, 12, 3, 3, 'Udalost 3', '3', 1, 2000000, 0, 9, '2019-02-03 13:28:19', '2019-02-03 13:47:41'),
(105, 12, 3, 3, 'Udalost 3', '3', 1, 2000000, 0, 9, '2019-02-03 14:07:03', '2019-02-03 14:26:25'),
(107, 12, 3, 3, 'Udalost 3', '3', 1, 2000000, 0, 9, '2019-02-03 14:45:47', '2019-02-03 15:05:09'),
(109, 12, 3, 3, 'Udalost 3', '3', 1, 2000000, 0, 9, '2019-02-03 15:24:31', '2019-02-03 15:43:53'),
(112, 12, 3, 3, 'Udalost 3', '3', 1, 2000000, 0, 9, '2019-02-03 16:41:55', '2019-02-03 17:01:14'),
(114, 12, 3, 3, 'Udalost 3', '3', 1, 2000000, 0, 9, '2019-02-03 17:20:33', '2019-02-03 17:39:51'),
(116, 12, 3, 3, 'Udalost 3', '3', 1, 2000000, 0, 9, '2019-02-03 17:59:09', '2019-02-03 18:18:26'),
(118, 12, 3, 3, 'Udalost 3', '3', 1, 2000000, 0, 9, '2019-02-03 18:37:43', '2019-02-03 18:57:00'),
(121, 12, 3, 3, 'Udalost 3', '3', 1, 2000000, 0, 9, '2019-02-03 19:54:51', '2019-02-03 20:14:08'),
(123, 12, 3, 3, 'Udalost 3', '3', 1, 2000000, 0, 9, '2019-02-03 20:33:25', '2019-02-03 20:52:42'),
(125, 12, 3, 3, 'Udalost 3', '3', 1, 2000000, 0, 9, '2019-02-03 21:11:59', '2019-02-03 21:31:16'),
(127, 12, 3, 3, 'Udalost 3', '3', 1, 2000000, 0, 9, '2019-02-03 21:50:32', '2019-02-03 22:09:47'),
(129, 12, 3, 3, 'Udalost 3', '3', 1, 2000000, 0, 9, '2019-02-03 22:29:01', '2019-02-03 22:48:15'),
(131, 12, 3, 3, 'Udalost 3', '3', 1, 2000000, 0, 9, '2019-02-03 23:07:29', '2019-02-03 23:26:43'),
(133, 12, 3, 3, 'Udalost 3', '3', 1, 2000000, 0, 9, '2019-02-03 23:45:56', '2019-02-04 00:05:09'),
(135, 12, 3, 3, 'Udalost 3', '3', 1, 2000000, 0, 9, '2019-02-04 00:24:21', '2019-02-04 00:43:33'),
(137, 12, 3, 3, 'Udalost 3', '3', 1, 2000000, 0, 9, '2019-02-04 01:02:45', '2019-02-04 01:21:57'),
(139, 12, 3, 3, 'Udalost 3', '3', 1, 2000000, 0, 9, '2019-02-04 01:41:09', '2019-02-04 02:00:21'),
(141, 12, 3, 3, 'Udalost 3', '3', 1, 2000000, 0, 9, '2019-02-04 02:19:32', '2019-02-04 02:38:42'),
(143, 12, 3, 3, 'Udalost 3', '3', 1, 2000000, 0, 9, '2019-02-04 02:57:51', '2019-02-04 03:17:00'),
(145, 12, 3, 3, 'Udalost 3', '3', 1, 2000000, 0, 9, '2019-02-04 03:36:09', '2019-02-04 03:55:18'),
(147, 12, 3, 3, 'Udalost 3', '3', 1, 2000000, 0, 9, '2019-02-04 04:14:26', '2019-02-04 04:33:34'),
(149, 12, 3, 3, 'Udalost 3', '3', 1, 2000000, 0, 9, '2019-02-04 04:52:41', '2019-02-04 05:11:48'),
(151, 12, 3, 3, 'Udalost 3', '3', 1, 2000000, 0, 9, '2019-02-04 05:30:54', '2019-02-04 05:50:00'),
(153, 12, 3, 3, 'Udalost 3', '3', 1, 2000000, 0, 9, '2019-02-04 06:09:05', '2019-02-04 06:28:09'),
(157, 12, 3, 3, 'Udalost 3', '3', 1, 2000000, 0, 9, '2019-02-04 08:03:20', '2019-02-04 08:22:20'),
(159, 12, 3, 3, 'Udalost 3', '3', 1, 2000000, 0, 9, '2019-02-04 08:41:19', '2019-02-04 09:00:18'),
(161, 12, 3, 3, 'Udalost 3', '3', 1, 2000000, 0, 9, '2019-02-04 09:19:16', '2019-02-04 09:38:14'),
(163, 12, 3, 3, 'Udalost 3', '3', 1, 2000000, 0, 9, '2019-02-04 09:57:12', '2019-02-04 10:16:09'),
(165, 12, 3, 3, 'Udalost 3', '3', 1, 2000000, 0, 9, '2019-02-04 10:35:06', '2019-02-04 10:54:03'),
(167, 12, 3, 3, 'Udalost 3', '3', 1, 2000000, 0, 9, '2019-02-04 11:13:00', '2019-02-04 11:31:57'),
(171, 12, 3, 3, 'Udalost 3', '3', 1, 2000000, 0, 9, '2019-02-04 13:06:42', '2019-02-04 13:25:39'),
(173, 12, 3, 3, 'Udalost 3', '3', 1, 2000000, 0, 9, '2019-02-04 13:44:36', '2019-02-04 14:03:33'),
(175, 12, 3, 3, 'Udalost 3', '3', 1, 2000000, 0, 9, '2019-02-04 14:22:29', '2019-02-04 14:41:25'),
(177, 12, 3, 3, 'Udalost 3', '3', 1, 2000000, 0, 9, '2019-02-04 15:00:20', '2019-02-04 15:19:14'),
(179, 12, 3, 3, 'Udalost 3', '3', 1, 2000000, 0, 9, '2019-02-04 15:38:08', '2019-02-04 15:57:01'),
(181, 12, 3, 3, 'Udalost 3', '3', 1, 2000000, 0, 9, '2019-02-04 16:15:53', '2019-02-04 16:34:45'),
(183, 12, 3, 3, 'Udalost 3', '3', 1, 2000000, 0, 9, '2019-02-04 16:53:37', '2019-02-04 17:12:29'),
(185, 12, 3, 3, 'Udalost 3', '3', 1, 2000000, 0, 9, '2019-02-04 17:31:21', '2019-02-04 17:50:13'),
(187, 12, 3, 3, 'Udalost 3', '3', 1, 2000000, 0, 9, '2019-02-04 18:09:05', '2019-02-04 18:27:57'),
(191, 12, 3, 3, 'Udalost 3', '3', 1, 2000000, 0, 9, '2019-02-04 20:02:15', '2019-02-04 20:21:05'),
(193, 12, 3, 3, 'Udalost 3', '3', 1, 2000000, 0, 9, '2019-02-04 20:39:54', '2019-02-04 20:58:43'),
(195, 12, 3, 3, 'Udalost 3', '3', 1, 2000000, 0, 9, '2019-02-04 21:17:31', '2019-02-04 21:36:19'),
(197, 12, 3, 3, 'Udalost 3', '3', 1, 2000000, 0, 9, '2019-02-04 21:55:06', '2019-02-04 22:13:53'),
(199, 12, 3, 3, 'Udalost 3', '3', 1, 2000000, 0, 9, '2019-02-04 22:32:39', '2019-02-04 22:51:25'),
(201, 12, 3, 3, 'Udalost 3', '3', 1, 2000000, 0, 9, '2019-02-04 23:10:10', '2019-02-04 23:28:55'),
(203, 12, 3, 3, 'Udalost 3', '3', 1, 2000000, 0, 9, '2019-02-04 23:47:39', '2019-02-05 00:06:23'),
(205, 12, 3, 3, 'Udalost 3', '3', 1, 2000000, 0, 9, '2019-02-05 00:25:06', '2019-02-05 00:43:49'),
(207, 12, 3, 3, 'Udalost 3', '3', 1, 2000000, 0, 9, '2019-02-05 01:02:31', '2019-02-05 01:21:13'),
(209, 12, 3, 3, 'Udalost 3', '3', 1, 2000000, 0, 9, '2019-02-05 01:39:54', '2019-02-05 01:58:35'),
(211, 12, 3, 3, 'Udalost 3', '3', 1, 2000000, 0, 9, '2019-02-05 02:17:15', '2019-02-05 02:35:55'),
(213, 12, 3, 3, 'Udalost 3', '3', 1, 2000000, 0, 9, '2019-02-05 02:54:34', '2019-02-05 03:13:13'),
(215, 12, 3, 3, 'Udalost 3', '3', 1, 2000000, 0, 9, '2019-02-05 03:31:51', '2019-02-05 03:50:28'),
(217, 12, 3, 3, 'Udalost 3', '3', 1, 2000000, 0, 9, '2019-02-05 04:09:04', '2019-02-05 04:27:40'),
(219, 12, 3, 3, 'Udalost 3', '3', 1, 2000000, 0, 9, '2019-02-05 04:46:15', '2019-02-05 05:04:50'),
(221, 12, 3, 3, 'Udalost 3', '3', 1, 2000000, 0, 9, '2019-02-05 05:23:25', '2019-02-05 05:42:00'),
(223, 12, 3, 3, 'Udalost 3', '3', 1, 2000000, 0, 9, '2019-02-05 06:00:35', '2019-02-05 06:19:10'),
(225, 12, 3, 3, 'Udalost 3', '3', 1, 2000000, 0, 9, '2019-02-05 06:37:45', '2019-02-05 06:56:20'),
(228, 12, 3, 3, 'Udalost 3', '3', 1, 2000000, 0, 9, '2019-02-05 07:52:05', '2019-02-05 08:10:40'),
(230, 12, 3, 3, 'Udalost 3', '3', 1, 2000000, 0, 9, '2019-02-05 08:29:15', '2019-02-05 08:47:50'),
(232, 12, 3, 3, 'Udalost 3', '3', 1, 2000000, 0, 9, '2019-02-05 09:06:25', '2019-02-05 09:25:00'),
(234, 12, 3, 3, 'Udalost 3', '3', 1, 2000000, 0, 9, '2019-02-05 09:43:35', '2019-02-05 10:02:10'),
(236, 12, 3, 3, 'Udalost 3', '3', 1, 2000000, 0, 9, '2019-02-05 10:20:45', '2019-02-05 10:39:20'),
(238, 12, 3, 3, 'Udalost 3', '3', 1, 2000000, 0, 9, '2019-02-05 10:57:55', '2019-02-05 11:16:30'),
(240, 12, 3, 3, 'Udalost 3', '3', 1, 2000000, 0, 9, '2019-02-05 11:35:05', '2019-02-05 11:53:40'),
(243, 12, 3, 3, 'Udalost 3', '3', 1, 2000000, 0, 9, '2019-02-05 12:49:25', '2019-02-05 13:08:00'),
(245, 12, 3, 3, 'Udalost 3', '3', 1, 2000000, 0, 9, '2019-02-05 13:26:35', '2019-02-05 13:45:10'),
(247, 12, 3, 3, 'Udalost 3', '3', 1, 2000000, 0, 9, '2019-02-05 14:03:45', '2019-02-05 14:22:20'),
(249, 12, 3, 3, 'Udalost 3', '3', 1, 2000000, 0, 9, '2019-02-05 14:40:55', '2019-02-05 14:59:30'),
(251, 12, 3, 3, 'Udalost 3', '3', 1, 2000000, 0, 9, '2019-02-05 15:18:05', '2019-02-05 15:36:40'),
(254, 12, 3, 3, 'Udalost 3', '3', 1, 2000000, 0, 9, '2019-02-05 16:32:24', '2019-02-05 16:50:58'),
(256, 12, 3, 3, 'Udalost 3', '3', 1, 2000000, 0, 9, '2019-02-05 17:09:31', '2019-02-05 17:28:03'),
(258, 12, 3, 3, 'Udalost 3', '3', 1, 2000000, 0, 9, '2019-02-05 17:46:34', '2019-02-05 18:05:05'),
(260, 12, 3, 3, 'Udalost 3', '3', 1, 2000000, 0, 9, '2019-02-05 18:23:35', '2019-02-05 18:42:05'),
(263, 12, 3, 3, 'Udalost 3', '3', 1, 2000000, 0, 9, '2019-02-05 19:37:35', '2019-02-05 19:56:05'),
(265, 12, 3, 3, 'Udalost 3', '3', 1, 2000000, 0, 9, '2019-02-05 20:14:35', '2019-02-05 20:33:05'),
(267, 12, 3, 3, 'Udalost 3', '3', 1, 2000000, 0, 9, '2019-02-05 20:51:35', '2019-02-05 21:10:05'),
(269, 12, 3, 3, 'Udalost 3', '3', 1, 2000000, 0, 9, '2019-02-05 21:28:35', '2019-02-05 21:47:05'),
(271, 12, 3, 3, 'Udalost 3', '3', 1, 2000000, 0, 9, '2019-02-05 22:05:35', '2019-02-05 22:24:05'),
(273, 12, 3, 3, 'Udalost 3', '3', 1, 2000000, 0, 9, '2019-02-05 22:42:35', '2019-02-05 23:01:05'),
(275, 12, 3, 3, 'Udalost 3', '3', 1, 2000000, 0, 9, '2019-02-05 23:19:35', '2019-02-05 23:38:05'),
(277, 12, 3, 3, 'Udalost 3', '3', 1, 2000000, 0, 9, '2019-02-05 23:56:35', '2019-02-06 00:15:05'),
(279, 12, 3, 3, 'Udalost 3', '3', 1, 2000000, 0, 9, '2019-02-06 00:33:35', '2019-02-06 00:52:05'),
(281, 12, 3, 3, 'Udalost 3', '3', 1, 2000000, 0, 9, '2019-02-06 01:10:35', '2019-02-06 01:29:05'),
(283, 12, 3, 3, 'Udalost 3', '3', 1, 2000000, 0, 9, '2019-02-06 01:47:35', '2019-02-06 02:06:05'),
(285, 12, 3, 3, 'Udalost 3', '3', 1, 2000000, 0, 9, '2019-02-06 02:24:35', '2019-02-06 02:43:05'),
(287, 12, 3, 3, 'Udalost 3', '3', 1, 2000000, 0, 9, '2019-02-06 03:01:35', '2019-02-06 03:20:05'),
(289, 12, 3, 3, 'Udalost 3', '3', 1, 2000000, 0, 9, '2019-02-06 03:38:35', '2019-02-06 03:57:05'),
(291, 12, 3, 3, 'Udalost 3', '3', 1, 2000000, 0, 9, '2019-02-06 04:15:35', '2019-02-06 04:34:05'),
(293, 12, 3, 3, 'Udalost 3', '3', 1, 2000000, 0, 9, '2019-02-06 04:52:35', '2019-02-06 05:11:05'),
(295, 12, 3, 3, 'Udalost 3', '3', 1, 2000000, 0, 9, '2019-02-06 05:29:35', '2019-02-06 05:48:05'),
(297, 12, 3, 3, 'Udalost 3', '3', 1, 2000000, 0, 9, '2019-02-06 06:06:35', '2019-02-06 06:25:05'),
(301, 12, 3, 3, 'Udalost 3', '3', 1, 2000000, 0, 9, '2019-02-06 07:57:35', '2019-02-06 08:16:05'),
(303, 12, 3, 3, 'Udalost 3', '3', 1, 2000000, 0, 9, '2019-02-06 08:34:35', '2019-02-06 08:53:05'),
(305, 12, 3, 3, 'Udalost 3', '3', 1, 2000000, 0, 9, '2019-02-06 09:11:35', '2019-02-06 09:30:05'),
(307, 12, 3, 3, 'Udalost 3', '3', 1, 2000000, 0, 9, '2019-02-06 09:48:35', '2019-02-06 10:07:05'),
(309, 12, 3, 3, 'Udalost 3', '3', 1, 2000000, 0, 9, '2019-02-06 10:25:35', '2019-02-06 10:44:05'),
(311, 12, 3, 3, 'Udalost 3', '3', 1, 2000000, 0, 9, '2019-02-06 11:02:35', '2019-02-06 11:21:05'),
(313, 12, 3, 3, 'Udalost 3', '3', 1, 2000000, 0, 9, '2019-02-06 11:39:35', '2019-02-06 11:58:05'),
(316, 12, 3, 3, 'Udalost 3', '3', 1, 2000000, 0, 9, '2019-02-06 12:53:35', '2019-02-06 13:12:05'),
(318, 12, 3, 3, 'Udalost 3', '3', 1, 2000000, 0, 9, '2019-02-06 13:30:35', '2019-02-06 13:49:05'),
(320, 12, 3, 3, 'Udalost 3', '3', 1, 2000000, 0, 9, '2019-02-06 14:07:35', '2019-02-06 14:26:05'),
(322, 12, 3, 3, 'Udalost 3', '3', 1, 2000000, 0, 9, '2019-02-06 14:44:35', '2019-02-06 15:03:05'),
(324, 12, 3, 3, 'Udalost 3', '3', 1, 2000000, 0, 9, '2019-02-06 15:21:35', '2019-02-06 15:40:05'),
(326, 12, 3, 3, 'Udalost 3', '3', 1, 2000000, 0, 9, '2019-02-06 15:58:35', '2019-02-06 16:17:05'),
(328, 12, 3, 3, 'Udalost 3', '3', 1, 2000000, 0, 9, '2019-02-06 16:35:35', '2019-02-06 16:54:05'),
(330, 12, 3, 3, 'Udalost 3', '3', 1, 2000000, 0, 9, '2019-02-06 17:12:35', '2019-02-06 17:31:05'),
(332, 12, 3, 3, 'Udalost 3', '3', 1, 2000000, 0, 9, '2019-02-06 17:49:35', '2019-02-06 18:08:05'),
(334, 12, 3, 3, 'Udalost 3', '3', 1, 2000000, 0, 9, '2019-02-06 18:26:35', '2019-02-06 18:45:05'),
(337, 12, 3, 3, 'Udalost 3', '3', 1, 2000000, 0, 9, '2019-02-06 19:40:35', '2019-02-06 19:59:05'),
(339, 12, 3, 3, 'Udalost 3', '3', 1, 2000000, 0, 9, '2019-02-06 20:17:35', '2019-02-06 20:36:05'),
(341, 12, 3, 3, 'Udalost 3', '3', 1, 2000000, 0, 9, '2019-02-06 20:54:35', '2019-02-06 21:13:05'),
(343, 12, 3, 3, 'Udalost 3', '3', 1, 2000000, 0, 9, '2019-02-06 21:31:35', '2019-02-06 21:50:05'),
(345, 12, 3, 3, 'Udalost 3', '3', 1, 2000000, 0, 9, '2019-02-06 22:08:35', '2019-02-06 22:27:05'),
(347, 12, 3, 3, 'Udalost 3', '3', 1, 2000000, 0, 9, '2019-02-06 22:45:35', '2019-02-06 23:04:05'),
(349, 12, 3, 3, 'Udalost 3', '3', 1, 2000000, 0, 9, '2019-02-06 23:22:35', '2019-02-06 23:41:05'),
(351, 12, 3, 3, 'Udalost 3', '3', 1, 2000000, 0, 9, '2019-02-06 23:59:35', '2019-02-07 00:18:05'),
(353, 12, 3, 3, 'Udalost 3', '3', 1, 2000000, 0, 9, '2019-02-07 00:36:35', '2019-02-07 00:55:05'),
(355, 12, 3, 3, 'Udalost 3', '3', 1, 2000000, 0, 9, '2019-02-07 01:13:35', '2019-02-07 01:32:05'),
(357, 12, 3, 3, 'Udalost 3', '3', 1, 2000000, 0, 9, '2019-02-07 01:50:35', '2019-02-07 02:09:05'),
(359, 12, 3, 3, 'Udalost 3', '3', 1, 2000000, 0, 9, '2019-02-07 02:27:35', '2019-02-07 02:46:05'),
(361, 12, 3, 3, 'Udalost 3', '3', 1, 2000000, 0, 9, '2019-02-07 03:04:35', '2019-02-07 03:23:05'),
(363, 12, 3, 3, 'Udalost 3', '3', 1, 2000000, 0, 9, '2019-02-07 03:41:35', '2019-02-07 04:00:05'),
(365, 12, 3, 3, 'Udalost 3', '3', 1, 2000000, 0, 9, '2019-02-07 04:18:35', '2019-02-07 04:37:05'),
(367, 12, 3, 3, 'Udalost 3', '3', 1, 2000000, 0, 9, '2019-02-07 04:55:35', '2019-02-07 05:14:05'),
(369, 12, 3, 3, 'Udalost 3', '3', 1, 2000000, 0, 9, '2019-02-07 05:32:35', '2019-02-07 05:51:05'),
(371, 12, 3, 3, 'Udalost 3', '3', 1, 2000000, 0, 9, '2019-02-07 06:09:35', '2019-02-07 06:28:05'),
(375, 12, 3, 3, 'Udalost 3', '3', 1, 2000000, 0, 9, '2019-02-07 08:00:35', '2019-02-07 08:19:05'),
(377, 12, 3, 3, 'Udalost 3', '3', 1, 2000000, 0, 9, '2019-02-07 08:37:35', '2019-02-07 08:56:05'),
(379, 12, 3, 3, 'Udalost 3', '3', 1, 2000000, 0, 9, '2019-02-07 09:14:35', '2019-02-07 09:33:05'),
(381, 12, 3, 3, 'Udalost 3', '3', 1, 2000000, 0, 9, '2019-02-07 09:51:35', '2019-02-07 10:10:05'),
(383, 12, 3, 3, 'Udalost 3', '3', 1, 2000000, 0, 9, '2019-02-07 10:28:35', '2019-02-07 10:47:05'),
(385, 12, 3, 3, 'Udalost 3', '3', 1, 2000000, 0, 9, '2019-02-07 11:05:35', '2019-02-07 11:24:05'),
(389, 12, 3, 3, 'Udalost 3', '3', 1, 2000000, 0, 9, '2019-02-07 12:56:35', '2019-02-07 13:15:05'),
(391, 12, 3, 3, 'Udalost 3', '3', 1, 2000000, 0, 9, '2019-02-07 13:33:35', '2019-02-07 13:52:05'),
(393, 12, 3, 3, 'Udalost 3', '3', 1, 2000000, 0, 9, '2019-02-07 14:10:35', '2019-02-07 14:29:05'),
(395, 12, 3, 3, 'Udalost 3', '3', 1, 2000000, 0, 9, '2019-02-07 14:47:35', '2019-02-07 15:06:05'),
(397, 12, 3, 3, 'Udalost 3', '3', 1, 2000000, 0, 9, '2019-02-07 15:24:35', '2019-02-07 15:43:05'),
(400, 12, 3, 3, 'Udalost 3', '3', 1, 2000000, 0, 9, '2019-02-07 16:38:35', '2019-02-07 16:57:05'),
(402, 12, 3, 3, 'Udalost 3', '3', 1, 2000000, 0, 9, '2019-02-07 17:15:35', '2019-02-07 17:34:05'),
(404, 12, 3, 3, 'Udalost 3', '3', 1, 2000000, 0, 9, '2019-02-07 17:52:35', '2019-02-07 18:11:05'),
(406, 12, 3, 3, 'Udalost 3', '3', 1, 2000000, 0, 9, '2019-02-07 18:29:35', '2019-02-07 18:48:05'),
(409, 12, 3, 3, 'Udalost 3', '3', 1, 2000000, 0, 9, '2019-02-07 19:43:35', '2019-02-07 20:02:05'),
(411, 12, 3, 3, 'Udalost 3', '3', 1, 2000000, 0, 9, '2019-02-07 20:20:35', '2019-02-07 20:39:05'),
(413, 12, 3, 3, 'Udalost 3', '3', 1, 2000000, 0, 9, '2019-02-07 20:57:35', '2019-02-07 21:16:05'),
(415, 12, 3, 3, 'Udalost 3', '3', 1, 2000000, 0, 9, '2019-02-07 21:34:35', '2019-02-07 21:53:05'),
(417, 12, 3, 3, 'Udalost 3', '3', 1, 2000000, 0, 9, '2019-02-07 22:11:35', '2019-02-07 22:30:05'),
(419, 12, 3, 3, 'Udalost 3', '3', 1, 2000000, 0, 9, '2019-02-07 22:48:35', '2019-02-07 23:07:05'),
(421, 12, 3, 3, 'Udalost 3', '3', 1, 2000000, 0, 9, '2019-02-07 23:25:35', '2019-02-07 23:44:05'),
(423, 12, 3, 3, 'Udalost 3', '3', 1, 2000000, 0, 9, '2019-02-08 00:02:35', '2019-02-08 00:21:05'),
(425, 12, 3, 3, 'Udalost 3', '3', 1, 2000000, 0, 9, '2019-02-08 00:39:35', '2019-02-08 00:58:05'),
(427, 12, 3, 3, 'Udalost 3', '3', 1, 2000000, 0, 9, '2019-02-08 01:16:35', '2019-02-08 01:35:05'),
(429, 12, 3, 3, 'Udalost 3', '3', 1, 2000000, 0, 9, '2019-02-08 01:53:35', '2019-02-08 02:12:05'),
(431, 12, 3, 3, 'Udalost 3', '3', 1, 2000000, 0, 9, '2019-02-08 02:30:35', '2019-02-08 02:49:05'),
(433, 12, 3, 3, 'Udalost 3', '3', 1, 2000000, 0, 9, '2019-02-08 03:07:35', '2019-02-08 03:26:05'),
(435, 12, 3, 3, 'Udalost 3', '3', 1, 2000000, 0, 9, '2019-02-08 03:44:35', '2019-02-08 04:03:05'),
(437, 12, 3, 3, 'Udalost 3', '3', 1, 2000000, 0, 9, '2019-02-08 04:21:35', '2019-02-08 04:40:05'),
(439, 12, 3, 3, 'Udalost 3', '3', 1, 2000000, 0, 9, '2019-02-08 04:58:35', '2019-02-08 05:17:05'),
(441, 12, 3, 3, 'Udalost 3', '3', 1, 2000000, 0, 9, '2019-02-08 05:35:35', '2019-02-08 05:54:05'),
(443, 12, 3, 3, 'Udalost 3', '3', 1, 2000000, 0, 9, '2019-02-08 06:12:35', '2019-02-08 06:31:05'),
(447, 12, 3, 3, 'Udalost 3', '3', 1, 2000000, 0, 9, '2019-02-08 08:03:35', '2019-02-08 08:22:05'),
(449, 12, 3, 3, 'Udalost 3', '3', 1, 2000000, 0, 9, '2019-02-08 08:40:35', '2019-02-08 08:59:05'),
(451, 12, 3, 3, 'Udalost 3', '3', 1, 2000000, 0, 9, '2019-02-08 09:17:35', '2019-02-08 09:36:05'),
(453, 12, 3, 3, 'Udalost 3', '3', 1, 2000000, 0, 9, '2019-02-08 09:54:35', '2019-02-08 10:13:05'),
(455, 12, 3, 3, 'Udalost 3', '3', 1, 2000000, 0, 9, '2019-02-08 10:31:35', '2019-02-08 10:50:05'),
(457, 12, 3, 3, 'Udalost 3', '3', 1, 2000000, 0, 9, '2019-02-08 11:08:35', '2019-02-08 11:27:05'),
(461, 12, 3, 3, 'Udalost 3', '3', 1, 2000000, 0, 9, '2019-02-08 12:59:35', '2019-02-08 13:18:05'),
(463, 12, 3, 3, 'Udalost 3', '3', 1, 2000000, 0, 9, '2019-02-08 13:36:35', '2019-02-08 13:55:05'),
(465, 12, 3, 3, 'Udalost 3', '3', 1, 2000000, 0, 9, '2019-02-08 14:13:35', '2019-02-08 14:32:05'),
(467, 12, 3, 3, 'Udalost 3', '3', 1, 2000000, 0, 9, '2019-02-08 14:50:35', '2019-02-08 15:09:05'),
(469, 12, 3, 3, 'Udalost 3', '3', 1, 2000000, 0, 9, '2019-02-08 15:27:35', '2019-02-08 15:46:05'),
(472, 12, 3, 3, 'Udalost 3', '3', 1, 2000000, 0, 9, '2019-02-08 16:41:35', '2019-02-08 17:00:05'),
(474, 12, 3, 3, 'Udalost 3', '3', 1, 2000000, 0, 9, '2019-02-08 17:18:35', '2019-02-08 17:37:05'),
(476, 12, 3, 3, 'Udalost 3', '3', 1, 2000000, 0, 9, '2019-02-08 17:55:35', '2019-02-08 18:14:05'),
(478, 12, 3, 3, 'Udalost 3', '3', 1, 2000000, 0, 9, '2019-02-08 18:32:35', '2019-02-08 18:51:05'),
(481, 12, 3, 3, 'Udalost 3', '3', 1, 2000000, 0, 9, '2019-02-08 19:46:35', '2019-02-08 20:05:05'),
(483, 12, 3, 3, 'Udalost 3', '3', 1, 2000000, 0, 9, '2019-02-08 20:23:35', '2019-02-08 20:42:05'),
(485, 12, 3, 3, 'Udalost 3', '3', 1, 2000000, 0, 9, '2019-02-08 21:00:35', '2019-02-08 21:19:05'),
(487, 12, 3, 3, 'Udalost 3', '3', 1, 2000000, 0, 9, '2019-02-08 21:37:35', '2019-02-08 21:56:05'),
(489, 12, 3, 3, 'Udalost 3', '3', 1, 2000000, 0, 9, '2019-02-08 22:14:35', '2019-02-08 22:33:05'),
(491, 12, 3, 3, 'Udalost 3', '3', 1, 2000000, 0, 9, '2019-02-08 22:51:35', '2019-02-08 23:10:05'),
(493, 12, 3, 3, 'Udalost 3', '3', 1, 2000000, 0, 9, '2019-02-08 23:28:35', '2019-02-08 23:47:05'),
(495, 12, 3, 3, 'Udalost 3', '3', 1, 2000000, 0, 9, '2019-02-09 00:05:35', '2019-02-09 00:24:05'),
(497, 12, 3, 3, 'Udalost 3', '3', 1, 2000000, 0, 9, '2019-02-09 00:42:35', '2019-02-09 01:01:05'),
(499, 12, 3, 3, 'Udalost 3', '3', 1, 2000000, 0, 9, '2019-02-09 01:19:35', '2019-02-09 01:38:05'),
(501, 12, 3, 3, 'Udalost 3', '3', 1, 2000000, 0, 9, '2019-02-09 01:56:35', '2019-02-09 02:15:05'),
(503, 12, 3, 3, 'Udalost 3', '3', 1, 2000000, 0, 9, '2019-02-09 02:33:35', '2019-02-09 02:52:05'),
(505, 12, 3, 3, 'Udalost 3', '3', 1, 2000000, 0, 9, '2019-02-09 03:10:35', '2019-02-09 03:29:05'),
(507, 12, 3, 3, 'Udalost 3', '3', 1, 2000000, 0, 9, '2019-02-09 03:47:35', '2019-02-09 04:06:05'),
(509, 12, 3, 3, 'Udalost 3', '3', 1, 2000000, 0, 9, '2019-02-09 04:24:35', '2019-02-09 04:43:05'),
(511, 12, 3, 3, 'Udalost 3', '3', 1, 2000000, 0, 9, '2019-02-09 05:01:35', '2019-02-09 05:20:05'),
(513, 12, 3, 3, 'Udalost 3', '3', 1, 2000000, 0, 9, '2019-02-09 05:38:35', '2019-02-09 05:57:05'),
(515, 12, 3, 3, 'Udalost 3', '3', 1, 2000000, 0, 9, '2019-02-09 06:15:35', '2019-02-09 06:34:05'),
(519, 12, 3, 3, 'Udalost 3', '3', 1, 2000000, 0, 9, '2019-02-09 08:06:35', '2019-02-09 08:25:05'),
(521, 12, 3, 3, 'Udalost 3', '3', 1, 2000000, 0, 9, '2019-02-09 08:43:35', '2019-02-09 09:02:05'),
(523, 12, 3, 3, 'Udalost 3', '3', 1, 2000000, 0, 9, '2019-02-09 09:20:35', '2019-02-09 09:39:05'),
(525, 12, 3, 3, 'Udalost 3', '3', 1, 2000000, 0, 9, '2019-02-09 09:57:35', '2019-02-09 10:16:05'),
(527, 12, 3, 3, 'Udalost 3', '3', 1, 2000000, 0, 9, '2019-02-09 10:34:35', '2019-02-09 10:53:05'),
(529, 12, 3, 3, 'Udalost 3', '3', 1, 2000000, 0, 9, '2019-02-09 11:11:35', '2019-02-09 11:30:05'),
(533, 12, 3, 3, 'Udalost 3', '3', 1, 2000000, 0, 9, '2019-02-09 13:02:35', '2019-02-09 13:21:05'),
(535, 12, 3, 3, 'Udalost 3', '3', 1, 2000000, 0, 9, '2019-02-09 13:39:35', '2019-02-09 13:58:05'),
(537, 12, 3, 3, 'Udalost 3', '3', 1, 2000000, 0, 9, '2019-02-09 14:16:35', '2019-02-09 14:35:05'),
(539, 12, 3, 3, 'Udalost 3', '3', 1, 2000000, 0, 9, '2019-02-09 14:53:35', '2019-02-09 15:12:05'),
(541, 12, 3, 3, 'Udalost 3', '3', 1, 2000000, 0, 9, '2019-02-09 15:30:35', '2019-02-09 15:49:05'),
(544, 12, 3, 3, 'Udalost 3', '3', 1, 2000000, 0, 9, '2019-02-09 16:44:35', '2019-02-09 17:03:05'),
(546, 12, 3, 3, 'Udalost 3', '3', 1, 2000000, 0, 9, '2019-02-09 17:21:35', '2019-02-09 17:40:05'),
(548, 12, 3, 3, 'Udalost 3', '3', 1, 2000000, 0, 9, '2019-02-09 17:58:35', '2019-02-09 18:17:05'),
(550, 12, 3, 3, 'Udalost 3', '3', 1, 2000000, 0, 9, '2019-02-09 18:35:35', '2019-02-09 18:54:05'),
(553, 12, 3, 3, 'Udalost 3', '3', 1, 2000000, 0, 9, '2019-02-09 19:49:35', '2019-02-09 20:08:05'),
(555, 12, 3, 3, 'Udalost 3', '3', 1, 2000000, 0, 9, '2019-02-09 20:26:35', '2019-02-09 20:45:05'),
(557, 12, 3, 3, 'Udalost 3', '3', 1, 2000000, 0, 9, '2019-02-09 21:03:35', '2019-02-09 21:22:05'),
(559, 12, 3, 3, 'Udalost 3', '3', 1, 2000000, 0, 9, '2019-02-09 21:40:35', '2019-02-09 21:59:05'),
(561, 12, 3, 3, 'Udalost 3', '3', 1, 2000000, 0, 9, '2019-02-09 22:17:35', '2019-02-09 22:36:05'),
(563, 12, 3, 3, 'Udalost 3', '3', 1, 2000000, 0, 9, '2019-02-09 22:54:35', '2019-02-09 23:13:05'),
(565, 12, 3, 3, 'Udalost 3', '3', 1, 2000000, 0, 9, '2019-02-09 23:31:35', '2019-02-09 23:50:05'),
(567, 12, 3, 3, 'Udalost 3', '3', 1, 2000000, 0, 9, '2019-02-10 00:08:35', '2019-02-10 00:27:05'),
(569, 12, 3, 3, 'Udalost 3', '3', 1, 2000000, 0, 9, '2019-02-10 00:45:35', '2019-02-10 01:04:05'),
(571, 12, 3, 3, 'Udalost 3', '3', 1, 2000000, 0, 9, '2019-02-10 01:22:35', '2019-02-10 01:41:05'),
(573, 12, 3, 3, 'Udalost 3', '3', 1, 2000000, 0, 9, '2019-02-10 01:59:35', '2019-02-10 02:18:05'),
(575, 12, 3, 3, 'Udalost 3', '3', 1, 2000000, 0, 9, '2019-02-10 02:36:35', '2019-02-10 02:55:05'),
(577, 12, 3, 3, 'Udalost 3', '3', 1, 2000000, 0, 9, '2019-02-10 03:13:35', '2019-02-10 03:32:05'),
(579, 12, 3, 3, 'Udalost 3', '3', 1, 2000000, 0, 9, '2019-02-10 03:50:35', '2019-02-10 04:09:05'),
(581, 12, 3, 3, 'Udalost 3', '3', 1, 2000000, 0, 9, '2019-02-10 04:27:35', '2019-02-10 04:46:05'),
(583, 12, 3, 3, 'Udalost 3', '3', 1, 2000000, 0, 9, '2019-02-10 05:04:35', '2019-02-10 05:23:05'),
(585, 12, 3, 3, 'Udalost 3', '3', 1, 2000000, 0, 9, '2019-02-10 05:41:35', '2019-02-10 06:00:05'),
(587, 12, 3, 3, 'Udalost 3', '3', 1, 2000000, 0, 9, '2019-02-10 06:18:35', '2019-02-10 06:37:05'),
(590, 12, 3, 3, 'Udalost 3', '3', 1, 2000000, 0, 9, '2019-02-10 07:32:35', '2019-02-10 07:51:05'),
(592, 12, 3, 3, 'Udalost 3', '3', 1, 2000000, 0, 9, '2019-02-10 08:09:35', '2019-02-10 08:28:05'),
(594, 12, 3, 3, 'Udalost 3', '3', 1, 2000000, 0, 9, '2019-02-10 08:46:35', '2019-02-10 09:05:05'),
(596, 12, 3, 3, 'Udalost 3', '3', 1, 2000000, 0, 9, '2019-02-10 09:23:35', '2019-02-10 09:42:05'),
(598, 12, 3, 3, 'Udalost 3', '3', 1, 2000000, 0, 9, '2019-02-10 10:00:35', '2019-02-10 10:19:05'),
(600, 12, 3, 3, 'Udalost 3', '3', 1, 2000000, 0, 9, '2019-02-10 10:37:35', '2019-02-10 10:56:05'),
(602, 12, 3, 3, 'Udalost 3', '3', 1, 2000000, 0, 9, '2019-02-10 11:14:35', '2019-02-10 11:33:05'),
(606, 12, 3, 3, 'Udalost 3', '3', 1, 2000000, 0, 9, '2019-02-10 13:05:35', '2019-02-10 13:24:05'),
(608, 12, 3, 3, 'Udalost 3', '3', 1, 2000000, 0, 9, '2019-02-10 13:42:35', '2019-02-10 14:01:05'),
(610, 12, 3, 3, 'Udalost 3', '3', 1, 2000000, 0, 9, '2019-02-10 14:19:35', '2019-02-10 14:38:05'),
(612, 12, 3, 3, 'Udalost 3', '3', 1, 2000000, 0, 9, '2019-02-10 14:56:35', '2019-02-10 15:15:05'),
(614, 12, 3, 3, 'Udalost 3', '3', 1, 2000000, 0, 9, '2019-02-10 15:33:35', '2019-02-10 15:52:05'),
(617, 12, 3, 3, 'Udalost 3', '3', 1, 2000000, 0, 9, '2019-02-10 16:47:35', '2019-02-10 17:06:05'),
(619, 12, 3, 3, 'Udalost 3', '3', 1, 2000000, 0, 9, '2019-02-10 17:24:35', '2019-02-10 17:43:05'),
(621, 12, 3, 3, 'Udalost 3', '3', 1, 2000000, 0, 9, '2019-02-10 18:01:35', '2019-02-10 18:20:05'),
(623, 12, 3, 3, 'Udalost 3', '3', 1, 2000000, 0, 9, '2019-02-10 18:38:35', '2019-02-10 18:57:05'),
(626, 12, 3, 3, 'Udalost 3', '3', 1, 2000000, 0, 9, '2019-02-10 19:52:35', '2019-02-10 20:11:05'),
(628, 12, 3, 3, 'Udalost 3', '3', 1, 2000000, 0, 9, '2019-02-10 20:29:35', '2019-02-10 20:48:05'),
(630, 12, 3, 3, 'Udalost 3', '3', 1, 2000000, 0, 9, '2019-02-10 21:06:35', '2019-02-10 21:25:05'),
(632, 12, 3, 3, 'Udalost 3', '3', 1, 2000000, 0, 9, '2019-02-10 21:43:35', '2019-02-10 22:02:05'),
(634, 12, 3, 3, 'Udalost 3', '3', 1, 2000000, 0, 9, '2019-02-10 22:20:35', '2019-02-10 22:39:05'),
(636, 12, 3, 3, 'Udalost 3', '3', 1, 2000000, 0, 9, '2019-02-10 22:57:35', '2019-02-10 23:16:05'),
(638, 12, 3, 3, 'Udalost 3', '3', 1, 2000000, 0, 9, '2019-02-10 23:34:35', '2019-02-10 23:53:05'),
(640, 12, 3, 3, 'Udalost 3', '3', 1, 2000000, 0, 9, '2019-02-11 00:11:35', '2019-02-11 00:30:05'),
(642, 12, 3, 3, 'Udalost 3', '3', 1, 2000000, 0, 9, '2019-02-11 00:48:35', '2019-02-11 01:07:05'),
(644, 12, 3, 3, 'Udalost 3', '3', 1, 2000000, 0, 9, '2019-02-11 01:25:35', '2019-02-11 01:44:05'),
(646, 12, 3, 3, 'Udalost 3', '3', 1, 2000000, 0, 9, '2019-02-11 02:02:35', '2019-02-11 02:21:05'),
(648, 12, 3, 3, 'Udalost 3', '3', 1, 2000000, 0, 9, '2019-02-11 02:39:35', '2019-02-11 02:58:05'),
(650, 12, 3, 3, 'Udalost 3', '3', 1, 2000000, 0, 9, '2019-02-11 03:16:35', '2019-02-11 03:35:05'),
(652, 12, 3, 3, 'Udalost 3', '3', 1, 2000000, 0, 9, '2019-02-11 03:53:35', '2019-02-11 04:12:05'),
(654, 12, 3, 3, 'Udalost 3', '3', 1, 2000000, 0, 9, '2019-02-11 04:30:35', '2019-02-11 04:49:05'),
(656, 12, 3, 3, 'Udalost 3', '3', 1, 2000000, 0, 9, '2019-02-11 05:07:35', '2019-02-11 05:26:05'),
(658, 12, 3, 3, 'Udalost 3', '3', 1, 2000000, 0, 9, '2019-02-11 05:44:35', '2019-02-11 06:03:05'),
(660, 12, 3, 3, 'Udalost 3', '3', 1, 2000000, 0, 9, '2019-02-11 06:21:35', '2019-02-11 06:40:05'),
(663, 12, 3, 3, 'Udalost 3', '3', 1, 2000000, 0, 9, '2019-02-11 07:35:35', '2019-02-11 07:54:05'),
(665, 12, 3, 3, 'Udalost 3', '3', 1, 2000000, 0, 9, '2019-02-11 08:12:35', '2019-02-11 08:31:05'),
(667, 12, 3, 3, 'Udalost 3', '3', 1, 2000000, 0, 9, '2019-02-11 08:49:35', '2019-02-11 09:08:05'),
(669, 12, 3, 3, 'Udalost 3', '3', 1, 2000000, 0, 9, '2019-02-11 09:26:35', '2019-02-11 09:45:05'),
(671, 12, 3, 3, 'Udalost 3', '3', 1, 2000000, 0, 9, '2019-02-11 10:03:35', '2019-02-11 10:22:05'),
(673, 12, 3, 3, 'Udalost 3', '3', 1, 2000000, 0, 9, '2019-02-11 10:40:35', '2019-02-11 10:59:05'),
(675, 12, 3, 3, 'Udalost 3', '3', 1, 2000000, 0, 9, '2019-02-11 11:17:35', '2019-02-11 11:36:05'),
(678, 12, 3, 3, 'Udalost 3', '3', 1, 2000000, 0, 9, '2019-02-11 12:31:35', '2019-02-11 12:50:05'),
(680, 12, 3, 3, 'Udalost 3', '3', 1, 2000000, 0, 9, '2019-02-11 13:08:35', '2019-02-11 13:27:05'),
(682, 12, 3, 3, 'Udalost 3', '3', 1, 2000000, 0, 9, '2019-02-11 13:45:35', '2019-02-11 14:04:05'),
(684, 12, 3, 3, 'Udalost 3', '3', 1, 2000000, 0, 9, '2019-02-11 14:22:35', '2019-02-11 14:41:05'),
(686, 12, 3, 3, 'Udalost 3', '3', 1, 2000000, 0, 9, '2019-02-11 14:59:35', '2019-02-11 15:18:05'),
(688, 12, 3, 3, 'Udalost 3', '3', 1, 2000000, 0, 9, '2019-02-11 15:36:35', '2019-02-11 15:55:05'),
(691, 12, 3, 3, 'Udalost 3', '3', 1, 2000000, 0, 9, '2019-02-11 16:50:35', '2019-02-11 17:09:05'),
(693, 12, 3, 3, 'Udalost 3', '3', 1, 2000000, 0, 9, '2019-02-11 17:27:35', '2019-02-11 17:46:05'),
(695, 12, 3, 3, 'Udalost 3', '3', 1, 2000000, 0, 9, '2019-02-11 18:04:35', '2019-02-11 18:23:05'),
(699, 12, 3, 3, 'Udalost 3', '3', 1, 2000000, 0, 9, '2019-02-11 19:55:35', '2019-02-11 20:14:05'),
(701, 12, 3, 3, 'Udalost 3', '3', 1, 2000000, 0, 9, '2019-02-11 20:32:35', '2019-02-11 20:51:05'),
(703, 12, 3, 3, 'Udalost 3', '3', 1, 2000000, 0, 9, '2019-02-11 21:09:35', '2019-02-11 21:28:05'),
(705, 12, 3, 3, 'Udalost 3', '3', 1, 2000000, 0, 9, '2019-02-11 21:46:35', '2019-02-11 22:05:05'),
(707, 12, 3, 3, 'Udalost 3', '3', 1, 2000000, 0, 9, '2019-02-11 22:23:35', '2019-02-11 22:42:05'),
(709, 12, 3, 3, 'Udalost 3', '3', 1, 2000000, 0, 9, '2019-02-11 23:00:35', '2019-02-11 23:19:05'),
(711, 12, 3, 3, 'Udalost 3', '3', 1, 2000000, 0, 9, '2019-02-11 23:37:35', '2019-02-11 23:56:05'),
(713, 12, 3, 3, 'Udalost 3', '3', 1, 2000000, 0, 9, '2019-02-12 00:14:35', '2019-02-12 00:33:05'),
(715, 12, 3, 3, 'Udalost 3', '3', 1, 2000000, 0, 9, '2019-02-12 00:51:35', '2019-02-12 01:10:05'),
(717, 12, 3, 3, 'Udalost 3', '3', 1, 2000000, 0, 9, '2019-02-12 01:28:35', '2019-02-12 01:47:05'),
(719, 12, 3, 3, 'Udalost 3', '3', 1, 2000000, 0, 9, '2019-02-12 02:05:35', '2019-02-12 02:24:05'),
(721, 12, 3, 3, 'Udalost 3', '3', 1, 2000000, 0, 9, '2019-02-12 02:42:35', '2019-02-12 03:01:05'),
(723, 12, 3, 3, 'Udalost 3', '3', 1, 2000000, 0, 9, '2019-02-12 03:19:35', '2019-02-12 03:38:05'),
(725, 12, 3, 3, 'Udalost 3', '3', 1, 2000000, 0, 9, '2019-02-12 03:56:35', '2019-02-12 04:15:05'),
(727, 12, 3, 3, 'Udalost 3', '3', 1, 2000000, 0, 9, '2019-02-12 04:33:35', '2019-02-12 04:52:05'),
(729, 12, 3, 3, 'Udalost 3', '3', 1, 2000000, 0, 9, '2019-02-12 05:10:35', '2019-02-12 05:29:05'),
(731, 12, 3, 3, 'Udalost 3', '3', 1, 2000000, 0, 9, '2019-02-12 05:47:35', '2019-02-12 06:06:05'),
(733, 12, 3, 3, 'Udalost 3', '3', 1, 2000000, 0, 9, '2019-02-12 06:24:35', '2019-02-12 06:43:05'),
(736, 12, 3, 3, 'Udalost 3', '3', 1, 2000000, 0, 9, '2019-02-12 07:38:35', '2019-02-12 07:57:05'),
(738, 12, 3, 3, 'Udalost 3', '3', 1, 2000000, 0, 9, '2019-02-12 08:15:35', '2019-02-12 08:34:05'),
(740, 12, 3, 3, 'Udalost 3', '3', 1, 2000000, 0, 9, '2019-02-12 08:52:35', '2019-02-12 09:11:05'),
(742, 12, 3, 3, 'Udalost 3', '3', 1, 2000000, 0, 9, '2019-02-12 09:29:35', '2019-02-12 09:48:05'),
(744, 12, 3, 3, 'Udalost 3', '3', 1, 2000000, 0, 9, '2019-02-12 10:06:35', '2019-02-12 10:25:05'),
(746, 12, 3, 3, 'Udalost 3', '3', 1, 2000000, 0, 9, '2019-02-12 10:43:35', '2019-02-12 11:02:05'),
(748, 12, 3, 3, 'Udalost 3', '3', 1, 2000000, 0, 9, '2019-02-12 11:20:35', '2019-02-12 11:39:05'),
(751, 12, 3, 3, 'Udalost 3', '3', 1, 2000000, 0, 9, '2019-02-12 12:34:35', '2019-02-12 12:53:05'),
(753, 12, 3, 3, 'Udalost 3', '3', 1, 2000000, 0, 9, '2019-02-12 13:11:35', '2019-02-12 13:30:05'),
(755, 12, 3, 3, 'Udalost 3', '3', 1, 2000000, 0, 9, '2019-02-12 13:48:35', '2019-02-12 14:07:05'),
(757, 12, 3, 3, 'Udalost 3', '3', 1, 2000000, 0, 9, '2019-02-12 14:25:35', '2019-02-12 14:44:05'),
(759, 12, 3, 3, 'Udalost 3', '3', 1, 2000000, 0, 9, '2019-02-12 15:02:35', '2019-02-12 15:21:05'),
(761, 12, 3, 3, 'Udalost 3', '3', 1, 2000000, 0, 9, '2019-02-12 15:39:35', '2019-02-12 15:58:05'),
(763, 12, 3, 3, 'Udalost 3', '3', 1, 2000000, 0, 9, '2019-02-12 16:16:35', '2019-02-12 16:35:05'),
(765, 12, 3, 3, 'Udalost 3', '3', 1, 2000000, 0, 9, '2019-02-12 16:53:35', '2019-02-12 17:12:05'),
(767, 12, 3, 3, 'Udalost 3', '3', 1, 2000000, 0, 9, '2019-02-12 17:30:35', '2019-02-12 17:49:05'),
(769, 12, 3, 3, 'Udalost 3', '3', 1, 2000000, 0, 9, '2019-02-12 18:07:35', '2019-02-12 18:26:05'),
(773, 12, 3, 3, 'Udalost 3', '3', 1, 2000000, 0, 9, '2019-02-12 19:58:35', '2019-02-12 20:17:05'),
(775, 12, 3, 3, 'Udalost 3', '3', 1, 2000000, 0, 9, '2019-02-12 20:35:35', '2019-02-12 20:54:05'),
(777, 12, 3, 3, 'Udalost 3', '3', 1, 2000000, 0, 9, '2019-02-12 21:12:35', '2019-02-12 21:31:05'),
(779, 12, 3, 3, 'Udalost 3', '3', 1, 2000000, 0, 9, '2019-02-12 21:49:35', '2019-02-12 22:08:05'),
(781, 12, 3, 3, 'Udalost 3', '3', 1, 2000000, 0, 9, '2019-02-12 22:26:35', '2019-02-12 22:45:05'),
(783, 12, 3, 3, 'Udalost 3', '3', 1, 2000000, 0, 9, '2019-02-12 23:03:35', '2019-02-12 23:22:05'),
(785, 12, 3, 3, 'Udalost 3', '3', 1, 2000000, 0, 9, '2019-02-12 23:40:35', '2019-02-12 23:59:05'),
(787, 12, 3, 3, 'Udalost 3', '3', 1, 2000000, 0, 9, '2019-02-13 00:17:35', '2019-02-13 00:36:05'),
(789, 12, 3, 3, 'Udalost 3', '3', 1, 2000000, 0, 9, '2019-02-13 00:54:35', '2019-02-13 01:13:05'),
(791, 12, 3, 3, 'Udalost 3', '3', 1, 2000000, 0, 9, '2019-02-13 01:31:35', '2019-02-13 01:50:05'),
(793, 12, 3, 3, 'Udalost 3', '3', 1, 2000000, 0, 9, '2019-02-13 02:08:35', '2019-02-13 02:27:05'),
(795, 12, 3, 3, 'Udalost 3', '3', 1, 2000000, 0, 9, '2019-02-13 02:45:35', '2019-02-13 03:04:05'),
(797, 12, 3, 3, 'Udalost 3', '3', 1, 2000000, 0, 9, '2019-02-13 03:22:35', '2019-02-13 03:41:05'),
(799, 12, 3, 3, 'Udalost 3', '3', 1, 2000000, 0, 9, '2019-02-13 03:59:35', '2019-02-13 04:18:05'),
(801, 12, 3, 3, 'Udalost 3', '3', 1, 2000000, 0, 9, '2019-02-13 04:36:35', '2019-02-13 04:55:05'),
(803, 12, 3, 3, 'Udalost 3', '3', 1, 2000000, 0, 9, '2019-02-13 05:13:35', '2019-02-13 05:32:05'),
(805, 12, 3, 3, 'Udalost 3', '3', 1, 2000000, 0, 9, '2019-02-13 05:50:35', '2019-02-13 06:09:05'),
(807, 12, 3, 3, 'Udalost 3', '3', 1, 2000000, 0, 9, '2019-02-13 06:27:35', '2019-02-13 06:46:05'),
(810, 12, 3, 3, 'Udalost 3', '3', 1, 2000000, 0, 9, '2019-02-13 07:41:35', '2019-02-13 08:00:05'),
(812, 12, 3, 3, 'Udalost 3', '3', 1, 2000000, 0, 9, '2019-02-13 08:18:35', '2019-02-13 08:37:05'),
(814, 12, 3, 3, 'Udalost 3', '3', 1, 2000000, 0, 9, '2019-02-13 08:55:35', '2019-02-13 09:14:05'),
(816, 12, 3, 3, 'Udalost 3', '3', 1, 2000000, 0, 9, '2019-02-13 09:32:35', '2019-02-13 09:51:05'),
(818, 12, 3, 3, 'Udalost 3', '3', 1, 2000000, 0, 9, '2019-02-13 10:09:35', '2019-02-13 10:28:05'),
(820, 12, 3, 3, 'Udalost 3', '3', 1, 2000000, 0, 9, '2019-02-13 10:46:35', '2019-02-13 11:05:05'),
(822, 12, 3, 3, 'Udalost 3', '3', 1, 2000000, 0, 9, '2019-02-13 11:23:35', '2019-02-13 11:42:05'),
(825, 12, 3, 3, 'Udalost 3', '3', 1, 2000000, 0, 9, '2019-02-13 12:37:35', '2019-02-13 12:56:05'),
(827, 12, 3, 3, 'Udalost 3', '3', 1, 2000000, 0, 9, '2019-02-13 13:14:35', '2019-02-13 13:33:05'),
(829, 12, 3, 3, 'Udalost 3', '3', 1, 2000000, 0, 9, '2019-02-13 13:51:35', '2019-02-13 14:10:05'),
(831, 12, 3, 3, 'Udalost 3', '3', 1, 2000000, 0, 9, '2019-02-13 14:28:35', '2019-02-13 14:47:05'),
(833, 12, 3, 3, 'Udalost 3', '3', 1, 2000000, 0, 9, '2019-02-13 15:05:35', '2019-02-13 15:24:05'),
(836, 12, 3, 3, 'Udalost 3', '3', 1, 2000000, 0, 9, '2019-02-13 16:19:35', '2019-02-13 16:38:05'),
(838, 12, 3, 3, 'Udalost 3', '3', 1, 2000000, 0, 9, '2019-02-13 16:56:35', '2019-02-13 17:15:05'),
(840, 12, 3, 3, 'Udalost 3', '3', 1, 2000000, 0, 9, '2019-02-13 17:33:35', '2019-02-13 17:52:05'),
(842, 12, 3, 3, 'Udalost 3', '3', 1, 2000000, 0, 9, '2019-02-13 18:10:35', '2019-02-13 18:29:05'),
(846, 12, 3, 3, 'Udalost 3', '3', 1, 2000000, 0, 9, '2019-02-13 20:01:35', '2019-02-13 20:20:05'),
(848, 12, 3, 3, 'Udalost 3', '3', 1, 2000000, 0, 9, '2019-02-13 20:38:35', '2019-02-13 20:57:05'),
(850, 12, 3, 3, 'Udalost 3', '3', 1, 2000000, 0, 9, '2019-02-13 21:15:35', '2019-02-13 21:34:05'),
(852, 12, 3, 3, 'Udalost 3', '3', 1, 2000000, 0, 9, '2019-02-13 21:52:35', '2019-02-13 22:11:05'),
(854, 12, 3, 3, 'Udalost 3', '3', 1, 2000000, 0, 9, '2019-02-13 22:29:35', '2019-02-13 22:48:05'),
(856, 12, 3, 3, 'Udalost 3', '3', 1, 2000000, 0, 9, '2019-02-13 23:06:35', '2019-02-13 23:25:05'),
(858, 12, 3, 3, 'Udalost 3', '3', 1, 2000000, 0, 9, '2019-02-13 23:43:35', '2019-02-14 00:02:05'),
(860, 12, 3, 3, 'Udalost 3', '3', 1, 2000000, 0, 9, '2019-02-14 00:20:35', '2019-02-14 00:39:05'),
(862, 12, 3, 3, 'Udalost 3', '3', 1, 2000000, 0, 9, '2019-02-14 00:57:35', '2019-02-14 01:16:05'),
(864, 12, 3, 3, 'Udalost 3', '3', 1, 2000000, 0, 9, '2019-02-14 01:34:35', '2019-02-14 01:53:05'),
(866, 12, 3, 3, 'Udalost 3', '3', 1, 2000000, 0, 9, '2019-02-14 02:11:35', '2019-02-14 02:30:05'),
(868, 12, 3, 3, 'Udalost 3', '3', 1, 2000000, 0, 9, '2019-02-14 02:48:35', '2019-02-14 03:07:05'),
(870, 12, 3, 3, 'Udalost 3', '3', 1, 2000000, 0, 9, '2019-02-14 03:25:35', '2019-02-14 03:44:05'),
(872, 12, 3, 3, 'Udalost 3', '3', 1, 2000000, 0, 9, '2019-02-14 04:02:35', '2019-02-14 04:21:05'),
(874, 12, 3, 3, 'Udalost 3', '3', 1, 2000000, 0, 9, '2019-02-14 04:39:35', '2019-02-14 04:58:05'),
(876, 12, 3, 3, 'Udalost 3', '3', 1, 2000000, 0, 9, '2019-02-14 05:16:35', '2019-02-14 05:35:05'),
(878, 12, 3, 3, 'Udalost 3', '3', 1, 2000000, 0, 9, '2019-02-14 05:53:35', '2019-02-14 06:12:05'),
(880, 12, 3, 3, 'Udalost 3', '3', 1, 2000000, 0, 9, '2019-02-14 06:30:35', '2019-02-14 06:49:05'),
(883, 12, 3, 3, 'Udalost 3', '3', 1, 2000000, 0, 9, '2019-02-14 07:44:35', '2019-02-14 08:03:05'),
(885, 12, 3, 3, 'Udalost 3', '3', 1, 2000000, 0, 9, '2019-02-14 08:21:35', '2019-02-14 08:40:05'),
(887, 12, 3, 3, 'Udalost 3', '3', 1, 2000000, 0, 9, '2019-02-14 08:58:35', '2019-02-14 09:17:05'),
(889, 12, 3, 3, 'Udalost 3', '3', 1, 2000000, 0, 9, '2019-02-14 09:35:35', '2019-02-14 09:54:05'),
(891, 12, 3, 3, 'Udalost 3', '3', 1, 2000000, 0, 9, '2019-02-14 10:12:35', '2019-02-14 10:31:05'),
(893, 12, 3, 3, 'Udalost 3', '3', 1, 2000000, 0, 9, '2019-02-14 10:49:35', '2019-02-14 11:08:05'),
(895, 12, 3, 3, 'Udalost 3', '3', 1, 2000000, 0, 9, '2019-02-14 11:26:35', '2019-02-14 11:45:05'),
(898, 12, 3, 3, 'Udalost 3', '3', 1, 2000000, 0, 9, '2019-02-14 12:40:35', '2019-02-14 12:59:05'),
(900, 12, 3, 3, 'Udalost 3', '3', 1, 2000000, 0, 9, '2019-02-14 13:17:35', '2019-02-14 13:36:05'),
(902, 12, 3, 3, 'Udalost 3', '3', 1, 2000000, 0, 9, '2019-02-14 13:54:35', '2019-02-14 14:13:05'),
(904, 12, 3, 3, 'Udalost 3', '3', 1, 2000000, 0, 9, '2019-02-14 14:31:35', '2019-02-14 14:50:05'),
(906, 12, 3, 3, 'Udalost 3', '3', 1, 2000000, 0, 9, '2019-02-14 15:08:35', '2019-02-14 15:27:05'),
(909, 12, 3, 3, 'Udalost 3', '3', 1, 2000000, 0, 9, '2019-02-14 16:22:35', '2019-02-14 16:41:05'),
(911, 12, 3, 3, 'Udalost 3', '3', 1, 2000000, 0, 9, '2019-02-14 16:59:35', '2019-02-14 17:18:05'),
(913, 12, 3, 3, 'Udalost 3', '3', 1, 2000000, 0, 9, '2019-02-14 17:36:35', '2019-02-14 17:55:05'),
(915, 12, 3, 3, 'Udalost 3', '3', 1, 2000000, 0, 9, '2019-02-14 18:13:35', '2019-02-14 18:32:05'),
(919, 12, 3, 3, 'Udalost 3', '3', 1, 2000000, 0, 9, '2019-02-14 20:04:35', '2019-02-14 20:23:05'),
(921, 12, 3, 3, 'Udalost 3', '3', 1, 2000000, 0, 9, '2019-02-14 20:41:35', '2019-02-14 21:00:05'),
(923, 12, 3, 3, 'Udalost 3', '3', 1, 2000000, 0, 9, '2019-02-14 21:18:35', '2019-02-14 21:37:05'),
(925, 12, 3, 3, 'Udalost 3', '3', 1, 2000000, 0, 9, '2019-02-14 21:55:35', '2019-02-14 22:14:05'),
(927, 12, 3, 3, 'Udalost 3', '3', 1, 2000000, 0, 9, '2019-02-14 22:32:35', '2019-02-14 22:51:05'),
(929, 12, 3, 3, 'Udalost 3', '3', 1, 2000000, 0, 9, '2019-02-14 23:09:35', '2019-02-14 23:28:05'),
(931, 12, 3, 3, 'Udalost 3', '3', 1, 2000000, 0, 9, '2019-02-14 23:46:35', '2019-02-15 00:05:05'),
(933, 12, 3, 3, 'Udalost 3', '3', 1, 2000000, 0, 9, '2019-02-15 00:23:35', '2019-02-15 00:42:05'),
(935, 12, 3, 3, 'Udalost 3', '3', 1, 2000000, 0, 9, '2019-02-15 01:00:35', '2019-02-15 01:19:05'),
(937, 12, 3, 3, 'Udalost 3', '3', 1, 2000000, 0, 9, '2019-02-15 01:37:35', '2019-02-15 01:56:05'),
(939, 12, 3, 3, 'Udalost 3', '3', 1, 2000000, 0, 9, '2019-02-15 02:14:35', '2019-02-15 02:33:05'),
(941, 12, 3, 3, 'Udalost 3', '3', 1, 2000000, 0, 9, '2019-02-15 02:51:35', '2019-02-15 03:10:05'),
(943, 12, 3, 3, 'Udalost 3', '3', 1, 2000000, 0, 9, '2019-02-15 03:28:35', '2019-02-15 03:47:05'),
(945, 12, 3, 3, 'Udalost 3', '3', 1, 2000000, 0, 9, '2019-02-15 04:05:35', '2019-02-15 04:24:05'),
(947, 12, 3, 3, 'Udalost 3', '3', 1, 2000000, 0, 9, '2019-02-15 04:42:35', '2019-02-15 05:01:05'),
(949, 12, 3, 3, 'Udalost 3', '3', 1, 2000000, 0, 9, '2019-02-15 05:19:35', '2019-02-15 05:38:05'),
(951, 12, 3, 3, 'Udalost 3', '3', 1, 2000000, 0, 9, '2019-02-15 05:56:35', '2019-02-15 06:15:05'),
(953, 12, 3, 3, 'Udalost 3', '3', 1, 2000000, 0, 9, '2019-02-15 06:33:35', '2019-02-15 06:52:05'),
(956, 12, 3, 3, 'Udalost 3', '3', 1, 2000000, 0, 9, '2019-02-15 07:47:35', '2019-02-15 08:06:05'),
(958, 12, 3, 3, 'Udalost 3', '3', 1, 2000000, 0, 9, '2019-02-15 08:24:35', '2019-02-15 08:43:05'),
(960, 12, 3, 3, 'Udalost 3', '3', 1, 2000000, 0, 9, '2019-02-15 09:01:35', '2019-02-15 09:20:05'),
(962, 12, 3, 3, 'Udalost 3', '3', 1, 2000000, 0, 9, '2019-02-15 09:38:35', '2019-02-15 09:57:05'),
(964, 12, 3, 3, 'Udalost 3', '3', 1, 2000000, 0, 9, '2019-02-15 10:15:35', '2019-02-15 10:34:05'),
(966, 12, 3, 3, 'Udalost 3', '3', 1, 2000000, 0, 9, '2019-02-15 10:52:35', '2019-02-15 11:11:05'),
(968, 12, 3, 3, 'Udalost 3', '3', 1, 2000000, 0, 9, '2019-02-15 11:29:35', '2019-02-15 11:48:05'),
(971, 12, 3, 3, 'Udalost 3', '3', 1, 2000000, 0, 9, '2019-02-15 12:43:35', '2019-02-15 13:02:05'),
(973, 12, 3, 3, 'Udalost 3', '3', 1, 2000000, 0, 9, '2019-02-15 13:20:35', '2019-02-15 13:39:05'),
(975, 12, 3, 3, 'Udalost 3', '3', 1, 2000000, 0, 9, '2019-02-15 13:57:35', '2019-02-15 14:16:05'),
(977, 12, 3, 3, 'Udalost 3', '3', 1, 2000000, 0, 9, '2019-02-15 14:34:35', '2019-02-15 14:53:05'),
(979, 12, 3, 3, 'Udalost 3', '3', 1, 2000000, 0, 9, '2019-02-15 15:11:35', '2019-02-15 15:30:05'),
(982, 12, 3, 3, 'Udalost 3', '3', 1, 2000000, 0, 9, '2019-02-15 16:25:35', '2019-02-15 16:44:05'),
(984, 12, 3, 3, 'Udalost 3', '3', 1, 2000000, 0, 9, '2019-02-15 17:02:35', '2019-02-15 17:21:05'),
(986, 12, 3, 3, 'Udalost 3', '3', 1, 2000000, 0, 9, '2019-02-15 17:39:35', '2019-02-15 17:58:05'),
(988, 12, 3, 3, 'Udalost 3', '3', 1, 2000000, 0, 9, '2019-02-15 18:16:35', '2019-02-15 18:35:05'),
(991, 12, 3, 3, 'Udalost 3', '3', 1, 2000000, 0, 9, '2019-02-15 19:30:35', '2019-02-15 19:49:05'),
(993, 12, 3, 3, 'Udalost 3', '3', 1, 2000000, 0, 9, '2019-02-15 20:07:35', '2019-02-15 20:26:05'),
(995, 12, 3, 3, 'Udalost 3', '3', 1, 2000000, 0, 9, '2019-02-15 20:44:35', '2019-02-15 21:03:05'),
(997, 12, 3, 3, 'Udalost 3', '3', 1, 2000000, 0, 9, '2019-02-15 21:21:35', '2019-02-15 21:40:05'),
(999, 12, 3, 3, 'Udalost 3', '3', 1, 2000000, 0, 9, '2019-02-15 21:58:35', '2019-02-15 22:17:05'),
(1001, 12, 3, 3, 'Udalost 3', '3', 1, 2000000, 0, 9, '2019-02-15 22:35:35', '2019-02-15 22:54:05'),
(1003, 12, 3, 3, 'Udalost 3', '3', 1, 2000000, 0, 9, '2019-02-15 23:12:35', '2019-02-15 23:31:05'),
(1005, 12, 3, 3, 'Udalost 3', '3', 1, 2000000, 0, 9, '2019-02-15 23:49:35', '2019-02-16 00:08:05'),
(1007, 12, 3, 3, 'Udalost 3', '3', 1, 2000000, 0, 9, '2019-02-16 00:26:35', '2019-02-16 00:45:05'),
(1009, 12, 3, 3, 'Udalost 3', '3', 1, 2000000, 0, 9, '2019-02-16 01:03:35', '2019-02-16 01:22:05'),
(1011, 12, 3, 3, 'Udalost 3', '3', 1, 2000000, 0, 9, '2019-02-16 01:40:35', '2019-02-16 01:59:05'),
(1013, 12, 3, 3, 'Udalost 3', '3', 1, 2000000, 0, 9, '2019-02-16 02:17:35', '2019-02-16 02:36:05'),
(1015, 12, 3, 3, 'Udalost 3', '3', 1, 2000000, 0, 9, '2019-02-16 02:54:35', '2019-02-16 03:13:05'),
(1017, 12, 3, 3, 'Udalost 3', '3', 1, 2000000, 0, 9, '2019-02-16 03:31:35', '2019-02-16 03:50:05'),
(1019, 12, 3, 3, 'Udalost 3', '3', 1, 2000000, 0, 9, '2019-02-16 04:08:35', '2019-02-16 04:27:05'),
(1021, 12, 3, 3, 'Udalost 3', '3', 1, 2000000, 0, 9, '2019-02-16 04:45:35', '2019-02-16 05:04:05'),
(1023, 12, 3, 3, 'Udalost 3', '3', 1, 2000000, 0, 9, '2019-02-16 05:22:35', '2019-02-16 05:41:05'),
(1025, 12, 3, 3, 'Udalost 3', '3', 1, 2000000, 0, 9, '2019-02-16 05:59:35', '2019-02-16 06:18:05'),
(1027, 12, 3, 3, 'Udalost 3', '3', 1, 2000000, 0, 9, '2019-02-16 06:36:35', '2019-02-16 06:55:05'),
(1030, 12, 3, 3, 'Udalost 3', '3', 1, 2000000, 0, 9, '2019-02-16 07:50:35', '2019-02-16 08:09:05'),
(1032, 12, 3, 3, 'Udalost 3', '3', 1, 2000000, 0, 9, '2019-02-16 08:27:35', '2019-02-16 08:46:05'),
(1034, 12, 3, 3, 'Udalost 3', '3', 1, 2000000, 0, 9, '2019-02-16 09:04:35', '2019-02-16 09:23:05'),
(1036, 12, 3, 3, 'Udalost 3', '3', 1, 2000000, 0, 9, '2019-02-16 09:41:35', '2019-02-16 10:00:05'),
(1038, 12, 3, 3, 'Udalost 3', '3', 1, 2000000, 0, 9, '2019-02-16 10:18:35', '2019-02-16 10:37:05'),
(1040, 12, 3, 3, 'Udalost 3', '3', 1, 2000000, 0, 9, '2019-02-16 10:55:35', '2019-02-16 11:14:05'),
(1042, 12, 3, 3, 'Udalost 3', '3', 1, 2000000, 0, 9, '2019-02-16 11:32:35', '2019-02-16 11:51:05'),
(1045, 12, 3, 3, 'Udalost 3', '3', 1, 2000000, 0, 9, '2019-02-16 12:46:35', '2019-02-16 13:05:05'),
(1047, 12, 3, 3, 'Udalost 3', '3', 1, 2000000, 0, 9, '2019-02-16 13:23:35', '2019-02-16 13:42:05'),
(1049, 12, 3, 3, 'Udalost 3', '3', 1, 2000000, 0, 9, '2019-02-16 14:00:35', '2019-02-16 14:19:05'),
(1051, 12, 3, 3, 'Udalost 3', '3', 1, 2000000, 0, 9, '2019-02-16 14:37:35', '2019-02-16 14:56:05'),
(1053, 12, 3, 3, 'Udalost 3', '3', 1, 2000000, 0, 9, '2019-02-16 15:14:35', '2019-02-16 15:33:05'),
(1056, 12, 3, 3, 'Udalost 3', '3', 1, 2000000, 0, 9, '2019-02-16 16:28:35', '2019-02-16 16:47:05'),
(1058, 12, 3, 3, 'Udalost 3', '3', 1, 2000000, 0, 9, '2019-02-16 17:05:35', '2019-02-16 17:24:05'),
(1060, 12, 3, 3, 'Udalost 3', '3', 1, 2000000, 0, 9, '2019-02-16 17:42:35', '2019-02-16 18:01:05'),
(1062, 12, 3, 3, 'Udalost 3', '3', 1, 2000000, 0, 9, '2019-02-16 18:19:35', '2019-02-16 18:38:05'),
(1065, 12, 3, 3, 'Udalost 3', '3', 1, 2000000, 0, 9, '2019-02-16 19:33:35', '2019-02-16 19:52:05'),
(1067, 12, 3, 3, 'Udalost 3', '3', 1, 2000000, 0, 9, '2019-02-16 20:10:35', '2019-02-16 20:29:05'),
(1069, 12, 3, 3, 'Udalost 3', '3', 1, 2000000, 0, 9, '2019-02-16 20:47:35', '2019-02-16 21:06:05'),
(1071, 12, 3, 3, 'Udalost 3', '3', 1, 2000000, 0, 9, '2019-02-16 21:24:35', '2019-02-16 21:43:05'),
(1073, 12, 3, 3, 'Udalost 3', '3', 1, 2000000, 0, 9, '2019-02-16 22:01:35', '2019-02-16 22:20:05'),
(1075, 12, 3, 3, 'Udalost 3', '3', 1, 2000000, 0, 9, '2019-02-16 22:38:35', '2019-02-16 22:57:05'),
(1077, 12, 3, 3, 'Udalost 3', '3', 1, 2000000, 0, 9, '2019-02-16 23:15:35', '2019-02-16 23:34:05'),
(1079, 12, 3, 3, 'Udalost 3', '3', 1, 2000000, 0, 9, '2019-02-16 23:52:35', '2019-02-17 00:11:05'),
(1081, 12, 3, 3, 'Udalost 3', '3', 1, 2000000, 0, 9, '2019-02-17 00:29:35', '2019-02-17 00:48:05'),
(1083, 12, 3, 3, 'Udalost 3', '3', 1, 2000000, 0, 9, '2019-02-17 01:06:35', '2019-02-17 01:25:05');
INSERT INTO `event` (`id`, `parent_id`, `status`, `public`, `name`, `description`, `repeatable`, `repeat_const`, `repeat_count`, `calendar_id`, `datetime_start`, `datetime_end`) VALUES
(1085, 12, 3, 3, 'Udalost 3', '3', 1, 2000000, 0, 9, '2019-02-17 01:43:35', '2019-02-17 02:02:05'),
(1087, 12, 3, 3, 'Udalost 3', '3', 1, 2000000, 0, 9, '2019-02-17 02:20:35', '2019-02-17 02:39:05'),
(1089, 12, 3, 3, 'Udalost 3', '3', 1, 2000000, 0, 9, '2019-02-17 02:57:35', '2019-02-17 03:16:05'),
(1091, 12, 3, 3, 'Udalost 3', '3', 1, 2000000, 0, 9, '2019-02-17 03:34:35', '2019-02-17 03:53:05'),
(1093, 12, 3, 3, 'Udalost 3', '3', 1, 2000000, 0, 9, '2019-02-17 04:11:35', '2019-02-17 04:30:05'),
(1095, 12, 3, 3, 'Udalost 3', '3', 1, 2000000, 0, 9, '2019-02-17 04:48:35', '2019-02-17 05:07:05'),
(1097, 12, 3, 3, 'Udalost 3', '3', 1, 2000000, 0, 9, '2019-02-17 05:25:35', '2019-02-17 05:44:05'),
(1099, 12, 3, 3, 'Udalost 3', '3', 1, 2000000, 0, 9, '2019-02-17 06:02:35', '2019-02-17 06:21:05'),
(1101, 12, 3, 3, 'Udalost 3', '3', 1, 2000000, 0, 9, '2019-02-17 06:39:35', '2019-02-17 06:58:05'),
(1104, 12, 3, 3, 'Udalost 3', '3', 1, 2000000, 0, 9, '2019-02-17 07:53:35', '2019-02-17 08:12:05'),
(1106, 12, 3, 3, 'Udalost 3', '3', 1, 2000000, 0, 9, '2019-02-17 08:30:35', '2019-02-17 08:49:05'),
(1108, 12, 3, 3, 'Udalost 3', '3', 1, 2000000, 0, 9, '2019-02-17 09:07:35', '2019-02-17 09:26:05'),
(1110, 12, 3, 3, 'Udalost 3', '3', 1, 2000000, 0, 9, '2019-02-17 09:44:35', '2019-02-17 10:03:05'),
(1112, 12, 3, 3, 'Udalost 3', '3', 1, 2000000, 0, 9, '2019-02-17 10:21:35', '2019-02-17 10:40:05'),
(1114, 12, 3, 3, 'Udalost 3', '3', 1, 2000000, 0, 9, '2019-02-17 10:58:35', '2019-02-17 11:17:05'),
(1116, 12, 3, 3, 'Udalost 3', '3', 1, 2000000, 0, 9, '2019-02-17 11:35:35', '2019-02-17 11:54:05'),
(1119, 12, 3, 3, 'Udalost 3', '3', 1, 2000000, 0, 9, '2019-02-17 12:49:35', '2019-02-17 13:08:05'),
(1121, 12, 3, 3, 'Udalost 3', '3', 1, 2000000, 0, 9, '2019-02-17 13:26:35', '2019-02-17 13:45:05'),
(1123, 12, 3, 3, 'Udalost 3', '3', 1, 2000000, 0, 9, '2019-02-17 14:03:35', '2019-02-17 14:22:05'),
(1125, 12, 3, 3, 'Udalost 3', '3', 1, 2000000, 0, 9, '2019-02-17 14:40:35', '2019-02-17 14:59:05'),
(1127, 12, 3, 3, 'Udalost 3', '3', 1, 2000000, 0, 9, '2019-02-17 15:17:35', '2019-02-17 15:36:05'),
(1130, 12, 3, 3, 'Udalost 3', '3', 1, 2000000, 0, 9, '2019-02-17 16:31:35', '2019-02-17 16:50:05'),
(1132, 12, 3, 3, 'Udalost 3', '3', 1, 2000000, 0, 9, '2019-02-17 17:08:35', '2019-02-17 17:27:05'),
(1134, 12, 3, 3, 'Udalost 3', '3', 1, 2000000, 0, 9, '2019-02-17 17:45:35', '2019-02-17 18:04:05'),
(1136, 12, 3, 3, 'Udalost 3', '3', 1, 2000000, 0, 9, '2019-02-17 18:22:35', '2019-02-17 18:41:05'),
(1139, 12, 3, 3, 'Udalost 3', '3', 1, 2000000, 0, 9, '2019-02-17 19:36:35', '2019-02-17 19:55:05'),
(1141, 12, 3, 3, 'Udalost 3', '3', 1, 2000000, 0, 9, '2019-02-17 20:13:35', '2019-02-17 20:32:05'),
(1143, 12, 3, 3, 'Udalost 3', '3', 1, 2000000, 0, 9, '2019-02-17 20:50:35', '2019-02-17 21:09:05'),
(1145, 12, 3, 3, 'Udalost 3', '3', 1, 2000000, 0, 9, '2019-02-17 21:27:35', '2019-02-17 21:46:05'),
(1147, 12, 3, 3, 'Udalost 3', '3', 1, 2000000, 0, 9, '2019-02-17 22:04:35', '2019-02-17 22:23:05'),
(1149, 12, 3, 3, 'Udalost 3', '3', 1, 2000000, 0, 9, '2019-02-17 22:41:35', '2019-02-17 23:00:05'),
(1151, 12, 3, 3, 'Udalost 3', '3', 1, 2000000, 0, 9, '2019-02-17 23:18:35', '2019-02-17 23:37:05'),
(1153, 12, 3, 3, 'Udalost 3', '3', 1, 2000000, 0, 9, '2019-02-17 23:55:35', '2019-02-18 00:14:05'),
(1155, 12, 3, 3, 'Udalost 3', '3', 1, 2000000, 0, 9, '2019-02-18 00:32:35', '2019-02-18 00:51:05'),
(1157, 12, 3, 3, 'Udalost 3', '3', 1, 2000000, 0, 9, '2019-02-18 01:09:35', '2019-02-18 01:28:05'),
(1159, 12, 3, 3, 'Udalost 3', '3', 1, 2000000, 0, 9, '2019-02-18 01:46:35', '2019-02-18 02:05:05'),
(1161, 12, 3, 3, 'Udalost 3', '3', 1, 2000000, 0, 9, '2019-02-18 02:23:35', '2019-02-18 02:42:05'),
(1163, 12, 3, 3, 'Udalost 3', '3', 1, 2000000, 0, 9, '2019-02-18 03:00:35', '2019-02-18 03:19:05'),
(1165, 12, 3, 3, 'Udalost 3', '3', 1, 2000000, 0, 9, '2019-02-18 03:37:35', '2019-02-18 03:56:05'),
(1167, 12, 3, 3, 'Udalost 3', '3', 1, 2000000, 0, 9, '2019-02-18 04:14:35', '2019-02-18 04:33:05'),
(1169, 12, 3, 3, 'Udalost 3', '3', 1, 2000000, 0, 9, '2019-02-18 04:51:35', '2019-02-18 05:10:05'),
(1171, 12, 3, 3, 'Udalost 3', '3', 1, 2000000, 0, 9, '2019-02-18 05:28:35', '2019-02-18 05:47:05'),
(1173, 12, 3, 3, 'Udalost 3', '3', 1, 2000000, 0, 9, '2019-02-18 06:05:35', '2019-02-18 06:24:05'),
(1177, 12, 3, 3, 'Udalost 3', '3', 1, 2000000, 0, 9, '2019-02-18 07:56:35', '2019-02-18 08:15:05'),
(1179, 12, 3, 3, 'Udalost 3', '3', 1, 2000000, 0, 9, '2019-02-18 08:33:35', '2019-02-18 08:52:05'),
(1181, 12, 3, 3, 'Udalost 3', '3', 1, 2000000, 0, 9, '2019-02-18 09:10:35', '2019-02-18 09:29:05'),
(1183, 12, 3, 3, 'Udalost 3', '3', 1, 2000000, 0, 9, '2019-02-18 09:47:35', '2019-02-18 10:06:05'),
(1185, 12, 3, 3, 'Udalost 3', '3', 1, 2000000, 0, 9, '2019-02-18 10:24:35', '2019-02-18 10:43:05'),
(1187, 12, 3, 3, 'Udalost 3', '3', 1, 2000000, 0, 9, '2019-02-18 11:01:35', '2019-02-18 11:20:05'),
(1189, 12, 3, 3, 'Udalost 3', '3', 1, 2000000, 0, 9, '2019-02-18 11:38:35', '2019-02-18 11:57:05'),
(1192, 12, 3, 3, 'Udalost 3', '3', 1, 2000000, 0, 9, '2019-02-18 12:52:35', '2019-02-18 13:11:05'),
(1194, 12, 3, 3, 'Udalost 3', '3', 1, 2000000, 0, 9, '2019-02-18 13:29:35', '2019-02-18 13:48:05'),
(1196, 12, 3, 3, 'Udalost 3', '3', 1, 2000000, 0, 9, '2019-02-18 14:06:35', '2019-02-18 14:25:05'),
(1198, 12, 3, 3, 'Udalost 3', '3', 1, 2000000, 0, 9, '2019-02-18 14:43:35', '2019-02-18 15:02:05'),
(1200, 12, 3, 3, 'Udalost 3', '3', 1, 2000000, 0, 9, '2019-02-18 15:20:35', '2019-02-18 15:39:05'),
(1202, 12, 3, 3, 'Udalost 3', '3', 1, 2000000, 0, 9, '2019-02-18 15:57:35', '2019-02-18 16:16:05'),
(1204, 12, 3, 3, 'Udalost 3', '3', 1, 2000000, 0, 9, '2019-02-18 16:34:35', '2019-02-18 16:53:05'),
(1206, 12, 3, 3, 'Udalost 3', '3', 1, 2000000, 0, 9, '2019-02-18 17:11:35', '2019-02-18 17:30:05'),
(1208, 12, 3, 3, 'Udalost 3', '3', 1, 2000000, 0, 9, '2019-02-18 17:48:35', '2019-02-18 18:07:05'),
(1210, 12, 3, 3, 'Udalost 3', '3', 1, 2000000, 0, 9, '2019-02-18 18:25:35', '2019-02-18 18:44:05'),
(1213, 12, 3, 3, 'Udalost 3', '3', 1, 2000000, 0, 9, '2019-02-18 19:39:35', '2019-02-18 19:58:05'),
(1215, 12, 3, 3, 'Udalost 3', '3', 1, 2000000, 0, 9, '2019-02-18 20:16:35', '2019-02-18 20:35:05'),
(1217, 12, 3, 3, 'Udalost 3', '3', 1, 2000000, 0, 9, '2019-02-18 20:53:35', '2019-02-18 21:12:05'),
(1219, 12, 3, 3, 'Udalost 3', '3', 1, 2000000, 0, 9, '2019-02-18 21:30:35', '2019-02-18 21:49:05'),
(1221, 12, 3, 3, 'Udalost 3', '3', 1, 2000000, 0, 9, '2019-02-18 22:07:35', '2019-02-18 22:26:05'),
(1223, 12, 3, 3, 'Udalost 3', '3', 1, 2000000, 0, 9, '2019-02-18 22:44:35', '2019-02-18 23:03:05'),
(1225, 12, 3, 3, 'Udalost 3', '3', 1, 2000000, 0, 9, '2019-02-18 23:21:35', '2019-02-18 23:40:05'),
(1227, 12, 3, 3, 'Udalost 3', '3', 1, 2000000, 0, 9, '2019-02-18 23:58:35', '2019-02-19 00:17:05'),
(1229, 12, 3, 3, 'Udalost 3', '3', 1, 2000000, 0, 9, '2019-02-19 00:35:35', '2019-02-19 00:54:05'),
(1231, 12, 3, 3, 'Udalost 3', '3', 1, 2000000, 0, 9, '2019-02-19 01:12:35', '2019-02-19 01:31:05'),
(1233, 12, 3, 3, 'Udalost 3', '3', 1, 2000000, 0, 9, '2019-02-19 01:49:35', '2019-02-19 02:08:05'),
(1235, 12, 3, 3, 'Udalost 3', '3', 1, 2000000, 0, 9, '2019-02-19 02:26:35', '2019-02-19 02:45:05'),
(1237, 12, 3, 3, 'Udalost 3', '3', 1, 2000000, 0, 9, '2019-02-19 03:03:35', '2019-02-19 03:22:05'),
(1239, 12, 3, 3, 'Udalost 3', '3', 1, 2000000, 0, 9, '2019-02-19 03:40:35', '2019-02-19 03:59:05'),
(1241, 12, 3, 3, 'Udalost 3', '3', 1, 2000000, 0, 9, '2019-02-19 04:17:35', '2019-02-19 04:36:05'),
(1243, 12, 3, 3, 'Udalost 3', '3', 1, 2000000, 0, 9, '2019-02-19 04:54:35', '2019-02-19 05:13:05'),
(1245, 12, 3, 3, 'Udalost 3', '3', 1, 2000000, 0, 9, '2019-02-19 05:31:35', '2019-02-19 05:50:05'),
(1247, 12, 3, 3, 'Udalost 3', '3', 1, 2000000, 0, 9, '2019-02-19 06:08:35', '2019-02-19 06:27:05'),
(1251, 12, 3, 3, 'Udalost 3', '3', 1, 2000000, 0, 9, '2019-02-19 07:59:35', '2019-02-19 08:18:05'),
(1253, 12, 3, 3, 'Udalost 3', '3', 1, 2000000, 0, 9, '2019-02-19 08:36:35', '2019-02-19 08:55:05'),
(1255, 12, 3, 3, 'Udalost 3', '3', 1, 2000000, 0, 9, '2019-02-19 09:13:35', '2019-02-19 09:32:05'),
(1257, 12, 3, 3, 'Udalost 3', '3', 1, 2000000, 0, 9, '2019-02-19 09:50:35', '2019-02-19 10:09:05'),
(1259, 12, 3, 3, 'Udalost 3', '3', 1, 2000000, 0, 9, '2019-02-19 10:27:35', '2019-02-19 10:46:05'),
(1261, 12, 3, 3, 'Udalost 3', '3', 1, 2000000, 0, 9, '2019-02-19 11:04:35', '2019-02-19 11:23:05'),
(1265, 12, 3, 3, 'Udalost 3', '3', 1, 2000000, 0, 9, '2019-02-19 12:55:35', '2019-02-19 13:14:05'),
(1267, 12, 3, 3, 'Udalost 3', '3', 1, 2000000, 0, 9, '2019-02-19 13:32:35', '2019-02-19 13:51:05'),
(1269, 12, 3, 3, 'Udalost 3', '3', 1, 2000000, 0, 9, '2019-02-19 14:09:35', '2019-02-19 14:28:05'),
(1271, 12, 3, 3, 'Udalost 3', '3', 1, 2000000, 0, 9, '2019-02-19 14:46:35', '2019-02-19 15:05:05'),
(1273, 12, 3, 3, 'Udalost 3', '3', 1, 2000000, 0, 9, '2019-02-19 15:23:35', '2019-02-19 15:42:05'),
(1276, 12, 3, 3, 'Udalost 3', '3', 1, 2000000, 0, 9, '2019-02-19 16:37:35', '2019-02-19 16:56:05'),
(1278, 12, 3, 3, 'Udalost 3', '3', 1, 2000000, 0, 9, '2019-02-19 17:14:35', '2019-02-19 17:33:05'),
(1280, 12, 3, 3, 'Udalost 3', '3', 1, 2000000, 0, 9, '2019-02-19 17:51:35', '2019-02-19 18:10:05'),
(1282, 12, 3, 3, 'Udalost 3', '3', 1, 2000000, 0, 9, '2019-02-19 18:28:35', '2019-02-19 18:47:05'),
(1285, 12, 3, 3, 'Udalost 3', '3', 1, 2000000, 0, 9, '2019-02-19 19:42:35', '2019-02-19 20:01:05'),
(1287, 12, 3, 3, 'Udalost 3', '3', 1, 2000000, 0, 9, '2019-02-19 20:19:35', '2019-02-19 20:38:05'),
(1289, 12, 3, 3, 'Udalost 3', '3', 1, 2000000, 0, 9, '2019-02-19 20:56:35', '2019-02-19 21:15:05'),
(1291, 12, 3, 3, 'Udalost 3', '3', 1, 2000000, 0, 9, '2019-02-19 21:33:35', '2019-02-19 21:52:05'),
(1293, 12, 3, 3, 'Udalost 3', '3', 1, 2000000, 0, 9, '2019-02-19 22:10:35', '2019-02-19 22:29:05'),
(1295, 12, 3, 3, 'Udalost 3', '3', 1, 2000000, 0, 9, '2019-02-19 22:47:35', '2019-02-19 23:06:05'),
(1297, 12, 3, 3, 'Udalost 3', '3', 1, 2000000, 0, 9, '2019-02-19 23:24:35', '2019-02-19 23:43:05'),
(1299, 12, 3, 3, 'Udalost 3', '3', 1, 2000000, 0, 9, '2019-02-20 00:01:35', '2019-02-20 00:20:05'),
(1301, 12, 3, 3, 'Udalost 3', '3', 1, 2000000, 0, 9, '2019-02-20 00:38:35', '2019-02-20 00:57:05'),
(1303, 12, 3, 3, 'Udalost 3', '3', 1, 2000000, 0, 9, '2019-02-20 01:15:35', '2019-02-20 01:34:05'),
(1305, 12, 3, 3, 'Udalost 3', '3', 1, 2000000, 0, 9, '2019-02-20 01:52:35', '2019-02-20 02:11:05'),
(1307, 12, 3, 3, 'Udalost 3', '3', 1, 2000000, 0, 9, '2019-02-20 02:29:35', '2019-02-20 02:48:05'),
(1309, 12, 3, 3, 'Udalost 3', '3', 1, 2000000, 0, 9, '2019-02-20 03:06:35', '2019-02-20 03:25:05'),
(1311, 12, 3, 3, 'Udalost 3', '3', 1, 2000000, 0, 9, '2019-02-20 03:43:35', '2019-02-20 04:02:05'),
(1313, 12, 3, 3, 'Udalost 3', '3', 1, 2000000, 0, 9, '2019-02-20 04:20:35', '2019-02-20 04:39:05'),
(1315, 12, 3, 3, 'Udalost 3', '3', 1, 2000000, 0, 9, '2019-02-20 04:57:35', '2019-02-20 05:16:05'),
(1317, 12, 3, 3, 'Udalost 3', '3', 1, 2000000, 0, 9, '2019-02-20 05:34:35', '2019-02-20 05:53:05'),
(1319, 12, 3, 3, 'Udalost 3', '3', 1, 2000000, 0, 9, '2019-02-20 06:11:35', '2019-02-20 06:30:05'),
(1323, 12, 3, 3, 'Udalost 3', '3', 1, 2000000, 0, 9, '2019-02-20 08:02:35', '2019-02-20 08:21:05'),
(1325, 12, 3, 3, 'Udalost 3', '3', 1, 2000000, 0, 9, '2019-02-20 08:39:35', '2019-02-20 08:58:05'),
(1327, 12, 3, 3, 'Udalost 3', '3', 1, 2000000, 0, 9, '2019-02-20 09:16:35', '2019-02-20 09:35:05'),
(1329, 12, 3, 3, 'Udalost 3', '3', 1, 2000000, 0, 9, '2019-02-20 09:53:35', '2019-02-20 10:12:05'),
(1331, 12, 3, 3, 'Udalost 3', '3', 1, 2000000, 0, 9, '2019-02-20 10:30:35', '2019-02-20 10:49:05'),
(1333, 12, 3, 3, 'Udalost 3', '3', 1, 2000000, 0, 9, '2019-02-20 11:07:35', '2019-02-20 11:26:05'),
(1337, 12, 3, 3, 'Udalost 3', '3', 1, 2000000, 0, 9, '2019-02-20 12:58:35', '2019-02-20 13:17:05'),
(1339, 12, 3, 3, 'Udalost 3', '3', 1, 2000000, 0, 9, '2019-02-20 13:35:35', '2019-02-20 13:54:05'),
(1341, 12, 3, 3, 'Udalost 3', '3', 1, 2000000, 0, 9, '2019-02-20 14:12:35', '2019-02-20 14:31:05'),
(1343, 12, 3, 3, 'Udalost 3', '3', 1, 2000000, 0, 9, '2019-02-20 14:49:35', '2019-02-20 15:08:05'),
(1345, 12, 3, 3, 'Udalost 3', '3', 1, 2000000, 0, 9, '2019-02-20 15:26:35', '2019-02-20 15:45:05'),
(1348, 12, 3, 3, 'Udalost 3', '3', 1, 2000000, 0, 9, '2019-02-20 16:40:35', '2019-02-20 16:59:05'),
(1350, 12, 3, 3, 'Udalost 3', '3', 1, 2000000, 0, 9, '2019-02-20 17:17:35', '2019-02-20 17:36:05'),
(1352, 12, 3, 3, 'Udalost 3', '3', 1, 2000000, 0, 9, '2019-02-20 17:54:35', '2019-02-20 18:13:05'),
(1354, 12, 3, 3, 'Udalost 3', '3', 1, 2000000, 0, 9, '2019-02-20 18:31:35', '2019-02-20 18:50:05'),
(1357, 12, 3, 3, 'Udalost 3', '3', 1, 2000000, 0, 9, '2019-02-20 19:45:35', '2019-02-20 20:04:05'),
(1359, 12, 3, 3, 'Udalost 3', '3', 1, 2000000, 0, 9, '2019-02-20 20:22:35', '2019-02-20 20:41:05'),
(1361, 12, 3, 3, 'Udalost 3', '3', 1, 2000000, 0, 9, '2019-02-20 20:59:35', '2019-02-20 21:18:05'),
(1363, 12, 3, 3, 'Udalost 3', '3', 1, 2000000, 0, 9, '2019-02-20 21:36:35', '2019-02-20 21:55:05'),
(1365, 12, 3, 3, 'Udalost 3', '3', 1, 2000000, 0, 9, '2019-02-20 22:13:35', '2019-02-20 22:32:05'),
(1367, 12, 3, 3, 'Udalost 3', '3', 1, 2000000, 0, 9, '2019-02-20 22:50:35', '2019-02-20 23:09:05'),
(1369, 12, 3, 3, 'Udalost 3', '3', 1, 2000000, 0, 9, '2019-02-20 23:27:35', '2019-02-20 23:46:05'),
(1371, 12, 3, 3, 'Udalost 3', '3', 1, 2000000, 0, 9, '2019-02-21 00:04:35', '2019-02-21 00:23:05'),
(1373, 12, 3, 3, 'Udalost 3', '3', 1, 2000000, 0, 9, '2019-02-21 00:41:35', '2019-02-21 01:00:05'),
(1375, 12, 3, 3, 'Udalost 3', '3', 1, 2000000, 0, 9, '2019-02-21 01:18:35', '2019-02-21 01:37:05'),
(1377, 12, 3, 3, 'Udalost 3', '3', 1, 2000000, 0, 9, '2019-02-21 01:55:35', '2019-02-21 02:14:05'),
(1379, 12, 3, 3, 'Udalost 3', '3', 1, 2000000, 0, 9, '2019-02-21 02:32:35', '2019-02-21 02:51:05'),
(1381, 12, 3, 3, 'Udalost 3', '3', 1, 2000000, 0, 9, '2019-02-21 03:09:35', '2019-02-21 03:28:05'),
(1383, 12, 3, 3, 'Udalost 3', '3', 1, 2000000, 0, 9, '2019-02-21 03:46:35', '2019-02-21 04:05:05'),
(1385, 12, 3, 3, 'Udalost 3', '3', 1, 2000000, 0, 9, '2019-02-21 04:23:35', '2019-02-21 04:42:05'),
(1387, 12, 3, 3, 'Udalost 3', '3', 1, 2000000, 0, 9, '2019-02-21 05:00:35', '2019-02-21 05:19:05'),
(1389, 12, 3, 3, 'Udalost 3', '3', 1, 2000000, 0, 9, '2019-02-21 05:37:35', '2019-02-21 05:56:05'),
(1391, 12, 3, 3, 'Udalost 3', '3', 1, 2000000, 0, 9, '2019-02-21 06:14:35', '2019-02-21 06:33:05'),
(1395, 12, 3, 3, 'Udalost 3', '3', 1, 2000000, 0, 9, '2019-02-21 08:05:35', '2019-02-21 08:24:05'),
(1397, 12, 3, 3, 'Udalost 3', '3', 1, 2000000, 0, 9, '2019-02-21 08:42:35', '2019-02-21 09:01:05'),
(1399, 12, 3, 3, 'Udalost 3', '3', 1, 2000000, 0, 9, '2019-02-21 09:19:35', '2019-02-21 09:38:05'),
(1401, 12, 3, 3, 'Udalost 3', '3', 1, 2000000, 0, 9, '2019-02-21 09:56:35', '2019-02-21 10:15:05'),
(1403, 12, 3, 3, 'Udalost 3', '3', 1, 2000000, 0, 9, '2019-02-21 10:33:35', '2019-02-21 10:52:05'),
(1405, 12, 3, 3, 'Udalost 3', '3', 1, 2000000, 0, 9, '2019-02-21 11:10:35', '2019-02-21 11:29:05'),
(1409, 12, 3, 3, 'Udalost 3', '3', 1, 2000000, 0, 9, '2019-02-21 13:01:35', '2019-02-21 13:20:05'),
(1411, 12, 3, 3, 'Udalost 3', '3', 1, 2000000, 0, 9, '2019-02-21 13:38:35', '2019-02-21 13:57:05'),
(1413, 12, 3, 3, 'Udalost 3', '3', 1, 2000000, 0, 9, '2019-02-21 14:15:35', '2019-02-21 14:34:05'),
(1415, 12, 3, 3, 'Udalost 3', '3', 1, 2000000, 0, 9, '2019-02-21 14:52:35', '2019-02-21 15:11:05'),
(1417, 12, 3, 3, 'Udalost 3', '3', 1, 2000000, 0, 9, '2019-02-21 15:29:35', '2019-02-21 15:48:05'),
(1420, 12, 3, 3, 'Udalost 3', '3', 1, 2000000, 0, 9, '2019-02-21 16:43:35', '2019-02-21 17:02:05'),
(1422, 12, 3, 3, 'Udalost 3', '3', 1, 2000000, 0, 9, '2019-02-21 17:20:35', '2019-02-21 17:39:05'),
(1424, 12, 3, 3, 'Udalost 3', '3', 1, 2000000, 0, 9, '2019-02-21 17:57:35', '2019-02-21 18:16:05'),
(1426, 12, 3, 3, 'Udalost 3', '3', 1, 2000000, 0, 9, '2019-02-21 18:34:35', '2019-02-21 18:53:05'),
(1429, 12, 3, 3, 'Udalost 3', '3', 1, 2000000, 0, 9, '2019-02-21 19:48:35', '2019-02-21 20:07:05'),
(1431, 12, 3, 3, 'Udalost 3', '3', 1, 2000000, 0, 9, '2019-02-21 20:25:35', '2019-02-21 20:44:05'),
(1433, 12, 3, 3, 'Udalost 3', '3', 1, 2000000, 0, 9, '2019-02-21 21:02:35', '2019-02-21 21:21:05'),
(1435, 12, 3, 3, 'Udalost 3', '3', 1, 2000000, 0, 9, '2019-02-21 21:39:35', '2019-02-21 21:58:05'),
(1437, 12, 3, 3, 'Udalost 3', '3', 1, 2000000, 0, 9, '2019-02-21 22:16:35', '2019-02-21 22:35:05'),
(1439, 12, 3, 3, 'Udalost 3', '3', 1, 2000000, 0, 9, '2019-02-21 22:53:35', '2019-02-21 23:12:05'),
(1441, 12, 3, 3, 'Udalost 3', '3', 1, 2000000, 0, 9, '2019-02-21 23:30:35', '2019-02-21 23:49:05'),
(1443, 12, 3, 3, 'Udalost 3', '3', 1, 2000000, 0, 9, '2019-02-22 00:07:35', '2019-02-22 00:26:05'),
(1445, 12, 3, 3, 'Udalost 3', '3', 1, 2000000, 0, 9, '2019-02-22 00:44:35', '2019-02-22 01:03:05'),
(1447, 12, 3, 3, 'Udalost 3', '3', 1, 2000000, 0, 9, '2019-02-22 01:21:35', '2019-02-22 01:40:05'),
(1449, 12, 3, 3, 'Udalost 3', '3', 1, 2000000, 0, 9, '2019-02-22 01:58:35', '2019-02-22 02:17:05'),
(1451, 12, 3, 3, 'Udalost 3', '3', 1, 2000000, 0, 9, '2019-02-22 02:35:35', '2019-02-22 02:54:05'),
(1453, 12, 3, 3, 'Udalost 3', '3', 1, 2000000, 0, 9, '2019-02-22 03:12:35', '2019-02-22 03:31:05'),
(1455, 12, 3, 3, 'Udalost 3', '3', 1, 2000000, 0, 9, '2019-02-22 03:49:35', '2019-02-22 04:08:05'),
(1457, 12, 3, 3, 'Udalost 3', '3', 1, 2000000, 0, 9, '2019-02-22 04:26:35', '2019-02-22 04:45:05'),
(1459, 12, 3, 3, 'Udalost 3', '3', 1, 2000000, 0, 9, '2019-02-22 05:03:35', '2019-02-22 05:22:05'),
(1461, 12, 3, 3, 'Udalost 3', '3', 1, 2000000, 0, 9, '2019-02-22 05:40:35', '2019-02-22 05:59:05'),
(1463, 12, 3, 3, 'Udalost 3', '3', 1, 2000000, 0, 9, '2019-02-22 06:17:35', '2019-02-22 06:36:05'),
(1466, 12, 3, 3, 'Udalost 3', '3', 1, 2000000, 0, 9, '2019-02-22 07:31:35', '2019-02-22 07:50:05'),
(1468, 12, 3, 3, 'Udalost 3', '3', 1, 2000000, 0, 9, '2019-02-22 08:08:35', '2019-02-22 08:27:05'),
(1470, 12, 3, 3, 'Udalost 3', '3', 1, 2000000, 0, 9, '2019-02-22 08:45:35', '2019-02-22 09:04:05'),
(1472, 12, 3, 3, 'Udalost 3', '3', 1, 2000000, 0, 9, '2019-02-22 09:22:35', '2019-02-22 09:41:05'),
(1474, 12, 3, 3, 'Udalost 3', '3', 1, 2000000, 0, 9, '2019-02-22 09:59:35', '2019-02-22 10:18:05'),
(1476, 12, 3, 3, 'Udalost 3', '3', 1, 2000000, 0, 9, '2019-02-22 10:36:35', '2019-02-22 10:55:05'),
(1478, 12, 3, 3, 'Udalost 3', '3', 1, 2000000, 0, 9, '2019-02-22 11:13:35', '2019-02-22 11:32:05'),
(1482, 12, 3, 3, 'Udalost 3', '3', 1, 2000000, 0, 9, '2019-02-22 13:04:35', '2019-02-22 13:23:05'),
(1484, 12, 3, 3, 'Udalost 3', '3', 1, 2000000, 0, 9, '2019-02-22 13:41:35', '2019-02-22 14:00:05'),
(1486, 12, 3, 3, 'Udalost 3', '3', 1, 2000000, 0, 9, '2019-02-22 14:18:35', '2019-02-22 14:37:05'),
(1488, 12, 3, 3, 'Udalost 3', '3', 1, 2000000, 0, 9, '2019-02-22 14:55:35', '2019-02-22 15:14:05'),
(1490, 12, 3, 3, 'Udalost 3', '3', 1, 2000000, 0, 9, '2019-02-22 15:32:35', '2019-02-22 15:51:05'),
(1493, 12, 3, 3, 'Udalost 3', '3', 1, 2000000, 0, 9, '2019-02-22 16:46:35', '2019-02-22 17:05:05'),
(1495, 12, 3, 3, 'Udalost 3', '3', 1, 2000000, 0, 9, '2019-02-22 17:23:35', '2019-02-22 17:42:05'),
(1497, 12, 3, 3, 'Udalost 3', '3', 1, 2000000, 0, 9, '2019-02-22 18:00:35', '2019-02-22 18:19:05'),
(1499, 12, 3, 3, 'Udalost 3', '3', 1, 2000000, 0, 9, '2019-02-22 18:37:35', '2019-02-22 18:56:05'),
(1502, 12, 3, 3, 'Udalost 3', '3', 1, 2000000, 0, 9, '2019-02-22 19:51:35', '2019-02-22 20:10:05'),
(1504, 12, 3, 3, 'Udalost 3', '3', 1, 2000000, 0, 9, '2019-02-22 20:28:35', '2019-02-22 20:47:05'),
(1506, 12, 3, 3, 'Udalost 3', '3', 1, 2000000, 0, 9, '2019-02-22 21:05:35', '2019-02-22 21:24:05'),
(1508, 12, 3, 3, 'Udalost 3', '3', 1, 2000000, 0, 9, '2019-02-22 21:42:35', '2019-02-22 22:01:05'),
(1510, 12, 3, 3, 'Udalost 3', '3', 1, 2000000, 0, 9, '2019-02-22 22:19:35', '2019-02-22 22:38:05'),
(1512, 12, 3, 3, 'Udalost 3', '3', 1, 2000000, 0, 9, '2019-02-22 22:56:35', '2019-02-22 23:15:05'),
(1514, 12, 3, 3, 'Udalost 3', '3', 1, 2000000, 0, 9, '2019-02-22 23:33:35', '2019-02-22 23:52:05'),
(1516, 12, 3, 3, 'Udalost 3', '3', 1, 2000000, 0, 9, '2019-02-23 00:10:35', '2019-02-23 00:29:05'),
(1518, 12, 3, 3, 'Udalost 3', '3', 1, 2000000, 0, 9, '2019-02-23 00:47:35', '2019-02-23 01:06:05'),
(1520, 12, 3, 3, 'Udalost 3', '3', 1, 2000000, 0, 9, '2019-02-23 01:24:35', '2019-02-23 01:43:05'),
(1522, 12, 3, 3, 'Udalost 3', '3', 1, 2000000, 0, 9, '2019-02-23 02:01:35', '2019-02-23 02:20:05'),
(1524, 12, 3, 3, 'Udalost 3', '3', 1, 2000000, 0, 9, '2019-02-23 02:38:35', '2019-02-23 02:57:05'),
(1526, 12, 3, 3, 'Udalost 3', '3', 1, 2000000, 0, 9, '2019-02-23 03:15:35', '2019-02-23 03:34:05'),
(1528, 12, 3, 3, 'Udalost 3', '3', 1, 2000000, 0, 9, '2019-02-23 03:52:35', '2019-02-23 04:11:05'),
(1530, 12, 3, 3, 'Udalost 3', '3', 1, 2000000, 0, 9, '2019-02-23 04:29:35', '2019-02-23 04:48:05'),
(1532, 12, 3, 3, 'Udalost 3', '3', 1, 2000000, 0, 9, '2019-02-23 05:06:35', '2019-02-23 05:25:05'),
(1534, 12, 3, 3, 'Udalost 3', '3', 1, 2000000, 0, 9, '2019-02-23 05:43:35', '2019-02-23 06:02:05'),
(1536, 12, 3, 3, 'Udalost 3', '3', 1, 2000000, 0, 9, '2019-02-23 06:20:35', '2019-02-23 06:39:05'),
(1539, 12, 3, 3, 'Udalost 3', '3', 1, 2000000, 0, 9, '2019-02-23 07:34:35', '2019-02-23 07:53:05'),
(1541, 12, 3, 3, 'Udalost 3', '3', 1, 2000000, 0, 9, '2019-02-23 08:11:35', '2019-02-23 08:30:05'),
(1543, 12, 3, 3, 'Udalost 3', '3', 1, 2000000, 0, 9, '2019-02-23 08:48:35', '2019-02-23 09:07:05'),
(1545, 12, 3, 3, 'Udalost 3', '3', 1, 2000000, 0, 9, '2019-02-23 09:25:35', '2019-02-23 09:44:05'),
(1547, 12, 3, 3, 'Udalost 3', '3', 1, 2000000, 0, 9, '2019-02-23 10:02:35', '2019-02-23 10:21:05'),
(1549, 12, 3, 3, 'Udalost 3', '3', 1, 2000000, 0, 9, '2019-02-23 10:39:35', '2019-02-23 10:58:05'),
(1551, 12, 3, 3, 'Udalost 3', '3', 1, 2000000, 0, 9, '2019-02-23 11:16:35', '2019-02-23 11:35:05'),
(1554, 12, 3, 3, 'Udalost 3', '3', 1, 2000000, 0, 9, '2019-02-23 12:30:35', '2019-02-23 12:49:05'),
(1556, 12, 3, 3, 'Udalost 3', '3', 1, 2000000, 0, 9, '2019-02-23 13:07:35', '2019-02-23 13:26:05'),
(1558, 12, 3, 3, 'Udalost 3', '3', 1, 2000000, 0, 9, '2019-02-23 13:44:35', '2019-02-23 14:03:05'),
(1560, 12, 3, 3, 'Udalost 3', '3', 1, 2000000, 0, 9, '2019-02-23 14:21:35', '2019-02-23 14:40:05'),
(1562, 12, 3, 3, 'Udalost 3', '3', 1, 2000000, 0, 9, '2019-02-23 14:58:35', '2019-02-23 15:17:05'),
(1564, 12, 3, 3, 'Udalost 3', '3', 1, 2000000, 0, 9, '2019-02-23 15:35:35', '2019-02-23 15:54:05'),
(1567, 12, 3, 3, 'Udalost 3', '3', 1, 2000000, 0, 9, '2019-02-23 16:49:35', '2019-02-23 17:08:05'),
(1569, 12, 3, 3, 'Udalost 3', '3', 1, 2000000, 0, 9, '2019-02-23 17:26:35', '2019-02-23 17:45:05'),
(1571, 12, 3, 3, 'Udalost 3', '3', 1, 2000000, 0, 9, '2019-02-23 18:03:35', '2019-02-23 18:22:05'),
(1573, 12, 3, 3, 'Udalost 3', '3', 1, 2000000, 0, 9, '2019-02-23 18:40:35', '2019-02-23 18:59:05'),
(1576, 12, 3, 3, 'Udalost 3', '3', 1, 2000000, 0, 9, '2019-02-23 19:54:35', '2019-02-23 20:13:05'),
(1578, 12, 3, 3, 'Udalost 3', '3', 1, 2000000, 0, 9, '2019-02-23 20:31:35', '2019-02-23 20:50:05'),
(1580, 12, 3, 3, 'Udalost 3', '3', 1, 2000000, 0, 9, '2019-02-23 21:08:35', '2019-02-23 21:27:05'),
(1582, 12, 3, 3, 'Udalost 3', '3', 1, 2000000, 0, 9, '2019-02-23 21:45:35', '2019-02-23 22:04:05'),
(1584, 12, 3, 3, 'Udalost 3', '3', 1, 2000000, 0, 9, '2019-02-23 22:22:35', '2019-02-23 22:41:05'),
(1586, 12, 3, 3, 'Udalost 3', '3', 1, 2000000, 0, 9, '2019-02-23 22:59:35', '2019-02-23 23:18:05'),
(1588, 12, 3, 3, 'Udalost 3', '3', 1, 2000000, 0, 9, '2019-02-23 23:36:35', '2019-02-23 23:55:05'),
(1590, 12, 3, 3, 'Udalost 3', '3', 1, 2000000, 0, 9, '2019-02-24 00:13:35', '2019-02-24 00:32:05'),
(1592, 12, 3, 3, 'Udalost 3', '3', 1, 2000000, 0, 9, '2019-02-24 00:50:35', '2019-02-24 01:09:05'),
(1594, 12, 3, 3, 'Udalost 3', '3', 1, 2000000, 0, 9, '2019-02-24 01:27:35', '2019-02-24 01:46:05'),
(1596, 12, 3, 3, 'Udalost 3', '3', 1, 2000000, 0, 9, '2019-02-24 02:04:35', '2019-02-24 02:23:05'),
(1598, 12, 3, 3, 'Udalost 3', '3', 1, 2000000, 0, 9, '2019-02-24 02:41:35', '2019-02-24 03:00:05'),
(1600, 12, 3, 3, 'Udalost 3', '3', 1, 2000000, 0, 9, '2019-02-24 03:18:35', '2019-02-24 03:37:05'),
(1602, 12, 3, 3, 'Udalost 3', '3', 1, 2000000, 0, 9, '2019-02-24 03:55:35', '2019-02-24 04:14:05'),
(1604, 12, 3, 3, 'Udalost 3', '3', 1, 2000000, 0, 9, '2019-02-24 04:32:35', '2019-02-24 04:51:05'),
(1606, 12, 3, 3, 'Udalost 3', '3', 1, 2000000, 0, 9, '2019-02-24 05:09:35', '2019-02-24 05:28:05'),
(1608, 12, 3, 3, 'Udalost 3', '3', 1, 2000000, 0, 9, '2019-02-24 05:46:35', '2019-02-24 06:05:05'),
(1610, 12, 3, 3, 'Udalost 3', '3', 1, 2000000, 0, 9, '2019-02-24 06:23:35', '2019-02-24 06:42:05'),
(1613, 12, 3, 3, 'Udalost 3', '3', 1, 2000000, 0, 9, '2019-02-24 07:37:35', '2019-02-24 07:56:05'),
(1615, 12, 3, 3, 'Udalost 3', '3', 1, 2000000, 0, 9, '2019-02-24 08:14:35', '2019-02-24 08:33:05'),
(1617, 12, 3, 3, 'Udalost 3', '3', 1, 2000000, 0, 9, '2019-02-24 08:51:35', '2019-02-24 09:10:05'),
(1619, 12, 3, 3, 'Udalost 3', '3', 1, 2000000, 0, 9, '2019-02-24 09:28:35', '2019-02-24 09:47:05'),
(1621, 12, 3, 3, 'Udalost 3', '3', 1, 2000000, 0, 9, '2019-02-24 10:05:35', '2019-02-24 10:24:05'),
(1623, 12, 3, 3, 'Udalost 3', '3', 1, 2000000, 0, 9, '2019-02-24 10:42:35', '2019-02-24 11:01:05'),
(1625, 12, 3, 3, 'Udalost 3', '3', 1, 2000000, 0, 9, '2019-02-24 11:19:35', '2019-02-24 11:38:05'),
(1628, 12, 3, 3, 'Udalost 3', '3', 1, 2000000, 0, 9, '2019-02-24 12:33:35', '2019-02-24 12:52:05'),
(1630, 12, 3, 3, 'Udalost 3', '3', 1, 2000000, 0, 9, '2019-02-24 13:10:35', '2019-02-24 13:29:05'),
(1632, 12, 3, 3, 'Udalost 3', '3', 1, 2000000, 0, 9, '2019-02-24 13:47:35', '2019-02-24 14:06:05'),
(1634, 12, 3, 3, 'Udalost 3', '3', 1, 2000000, 0, 9, '2019-02-24 14:24:35', '2019-02-24 14:43:05'),
(1636, 12, 3, 3, 'Udalost 3', '3', 1, 2000000, 0, 9, '2019-02-24 15:01:35', '2019-02-24 15:20:05'),
(1638, 12, 3, 3, 'Udalost 3', '3', 1, 2000000, 0, 9, '2019-02-24 15:38:35', '2019-02-24 15:57:05'),
(1640, 12, 3, 3, 'Udalost 3', '3', 1, 2000000, 0, 9, '2019-02-24 16:15:35', '2019-02-24 16:34:05'),
(1642, 12, 3, 3, 'Udalost 3', '3', 1, 2000000, 0, 9, '2019-02-24 16:52:35', '2019-02-24 17:11:05'),
(1644, 12, 3, 3, 'Udalost 3', '3', 1, 2000000, 0, 9, '2019-02-24 17:29:35', '2019-02-24 17:48:05'),
(1646, 12, 3, 3, 'Udalost 3', '3', 1, 2000000, 0, 9, '2019-02-24 18:06:35', '2019-02-24 18:25:05'),
(1650, 12, 3, 3, 'Udalost 3', '3', 1, 2000000, 0, 9, '2019-02-24 19:57:35', '2019-02-24 20:16:05'),
(1652, 12, 3, 3, 'Udalost 3', '3', 1, 2000000, 0, 9, '2019-02-24 20:34:35', '2019-02-24 20:53:05'),
(1654, 12, 3, 3, 'Udalost 3', '3', 1, 2000000, 0, 9, '2019-02-24 21:11:35', '2019-02-24 21:30:05'),
(1656, 12, 3, 3, 'Udalost 3', '3', 1, 2000000, 0, 9, '2019-02-24 21:48:35', '2019-02-24 22:07:05'),
(1658, 12, 3, 3, 'Udalost 3', '3', 1, 2000000, 0, 9, '2019-02-24 22:25:35', '2019-02-24 22:44:05'),
(1660, 12, 3, 3, 'Udalost 3', '3', 1, 2000000, 0, 9, '2019-02-24 23:02:35', '2019-02-24 23:21:05'),
(1662, 12, 3, 3, 'Udalost 3', '3', 1, 2000000, 0, 9, '2019-02-24 23:39:35', '2019-02-24 23:58:05'),
(1664, 12, 3, 3, 'Udalost 3', '3', 1, 2000000, 0, 9, '2019-02-25 00:16:35', '2019-02-25 00:35:05'),
(1666, 12, 3, 3, 'Udalost 3', '3', 1, 2000000, 0, 9, '2019-02-25 00:53:35', '2019-02-25 01:12:05'),
(1668, 12, 3, 3, 'Udalost 3', '3', 1, 2000000, 0, 9, '2019-02-25 01:30:35', '2019-02-25 01:49:05'),
(1670, 12, 3, 3, 'Udalost 3', '3', 1, 2000000, 0, 9, '2019-02-25 02:07:35', '2019-02-25 02:26:05'),
(1672, 12, 3, 3, 'Udalost 3', '3', 1, 2000000, 0, 9, '2019-02-25 02:44:35', '2019-02-25 03:03:05'),
(1674, 12, 3, 3, 'Udalost 3', '3', 1, 2000000, 0, 9, '2019-02-25 03:21:35', '2019-02-25 03:40:05'),
(1676, 12, 3, 3, 'Udalost 3', '3', 1, 2000000, 0, 9, '2019-02-25 03:58:35', '2019-02-25 04:17:05'),
(1678, 12, 3, 3, 'Udalost 3', '3', 1, 2000000, 0, 9, '2019-02-25 04:35:35', '2019-02-25 04:54:05'),
(1680, 12, 3, 3, 'Udalost 3', '3', 1, 2000000, 0, 9, '2019-02-25 05:12:35', '2019-02-25 05:31:05'),
(1682, 12, 3, 3, 'Udalost 3', '3', 1, 2000000, 0, 9, '2019-02-25 05:49:35', '2019-02-25 06:08:05'),
(1684, 12, 3, 3, 'Udalost 3', '3', 1, 2000000, 0, 9, '2019-02-25 06:26:35', '2019-02-25 06:45:05'),
(1687, 12, 3, 3, 'Udalost 3', '3', 1, 2000000, 0, 9, '2019-02-25 07:40:35', '2019-02-25 07:59:05'),
(1689, 12, 3, 3, 'Udalost 3', '3', 1, 2000000, 0, 9, '2019-02-25 08:17:35', '2019-02-25 08:36:05'),
(1691, 12, 3, 3, 'Udalost 3', '3', 1, 2000000, 0, 9, '2019-02-25 08:54:35', '2019-02-25 09:13:05'),
(1693, 12, 3, 3, 'Udalost 3', '3', 1, 2000000, 0, 9, '2019-02-25 09:31:35', '2019-02-25 09:50:05'),
(1695, 12, 3, 3, 'Udalost 3', '3', 1, 2000000, 0, 9, '2019-02-25 10:08:35', '2019-02-25 10:27:05'),
(1697, 12, 3, 3, 'Udalost 3', '3', 1, 2000000, 0, 9, '2019-02-25 10:45:35', '2019-02-25 11:04:05'),
(1699, 12, 3, 3, 'Udalost 3', '3', 1, 2000000, 0, 9, '2019-02-25 11:22:35', '2019-02-25 11:41:05'),
(1702, 12, 3, 3, 'Udalost 3', '3', 1, 2000000, 0, 9, '2019-02-25 12:36:35', '2019-02-25 12:55:05'),
(1704, 12, 3, 3, 'Udalost 3', '3', 1, 2000000, 0, 9, '2019-02-25 13:13:35', '2019-02-25 13:32:05'),
(1706, 12, 3, 3, 'Udalost 3', '3', 1, 2000000, 0, 9, '2019-02-25 13:50:35', '2019-02-25 14:09:05'),
(1708, 12, 3, 3, 'Udalost 3', '3', 1, 2000000, 0, 9, '2019-02-25 14:27:35', '2019-02-25 14:46:05'),
(1710, 12, 3, 3, 'Udalost 3', '3', 1, 2000000, 0, 9, '2019-02-25 15:04:35', '2019-02-25 15:23:05'),
(1713, 12, 3, 3, 'Udalost 3', '3', 1, 2000000, 0, 9, '2019-02-25 16:18:35', '2019-02-25 16:37:05'),
(1715, 12, 3, 3, 'Udalost 3', '3', 1, 2000000, 0, 9, '2019-02-25 16:55:35', '2019-02-25 17:14:05'),
(1717, 12, 3, 3, 'Udalost 3', '3', 1, 2000000, 0, 9, '2019-02-25 17:32:35', '2019-02-25 17:51:05'),
(1719, 12, 3, 3, 'Udalost 3', '3', 1, 2000000, 0, 9, '2019-02-25 18:09:35', '2019-02-25 18:28:05'),
(1723, 12, 3, 3, 'Udalost 3', '3', 1, 2000000, 0, 9, '2019-02-25 20:00:35', '2019-02-25 20:19:05'),
(1725, 12, 3, 3, 'Udalost 3', '3', 1, 2000000, 0, 9, '2019-02-25 20:37:35', '2019-02-25 20:56:05'),
(1727, 12, 3, 3, 'Udalost 3', '3', 1, 2000000, 0, 9, '2019-02-25 21:14:35', '2019-02-25 21:33:05'),
(1729, 12, 3, 3, 'Udalost 3', '3', 1, 2000000, 0, 9, '2019-02-25 21:51:35', '2019-02-25 22:10:05'),
(1731, 12, 3, 3, 'Udalost 3', '3', 1, 2000000, 0, 9, '2019-02-25 22:28:35', '2019-02-25 22:47:05'),
(1733, 12, 3, 3, 'Udalost 3', '3', 1, 2000000, 0, 9, '2019-02-25 23:05:35', '2019-02-25 23:24:05'),
(1735, 12, 3, 3, 'Udalost 3', '3', 1, 2000000, 0, 9, '2019-02-25 23:42:35', '2019-02-26 00:01:05'),
(1737, 12, 3, 3, 'Udalost 3', '3', 1, 2000000, 0, 9, '2019-02-26 00:19:35', '2019-02-26 00:38:05'),
(1739, 12, 3, 3, 'Udalost 3', '3', 1, 2000000, 0, 9, '2019-02-26 00:56:35', '2019-02-26 01:15:05'),
(1741, 12, 3, 3, 'Udalost 3', '3', 1, 2000000, 0, 9, '2019-02-26 01:33:35', '2019-02-26 01:52:05'),
(1743, 12, 3, 3, 'Udalost 3', '3', 1, 2000000, 0, 9, '2019-02-26 02:10:35', '2019-02-26 02:29:05'),
(1745, 12, 3, 3, 'Udalost 3', '3', 1, 2000000, 0, 9, '2019-02-26 02:47:35', '2019-02-26 03:06:05'),
(1747, 12, 3, 3, 'Udalost 3', '3', 1, 2000000, 0, 9, '2019-02-26 03:24:35', '2019-02-26 03:43:05'),
(1749, 12, 3, 3, 'Udalost 3', '3', 1, 2000000, 0, 9, '2019-02-26 04:01:35', '2019-02-26 04:20:05'),
(1751, 12, 3, 3, 'Udalost 3', '3', 1, 2000000, 0, 9, '2019-02-26 04:38:35', '2019-02-26 04:57:05'),
(1753, 12, 3, 3, 'Udalost 3', '3', 1, 2000000, 0, 9, '2019-02-26 05:15:35', '2019-02-26 05:34:05'),
(1755, 12, 3, 3, 'Udalost 3', '3', 1, 2000000, 0, 9, '2019-02-26 05:52:35', '2019-02-26 06:11:05'),
(1757, 12, 3, 3, 'Udalost 3', '3', 1, 2000000, 0, 9, '2019-02-26 06:29:35', '2019-02-26 06:48:05'),
(1760, 12, 3, 3, 'Udalost 3', '3', 1, 2000000, 0, 9, '2019-02-26 07:43:35', '2019-02-26 08:02:05'),
(1762, 12, 3, 3, 'Udalost 3', '3', 1, 2000000, 0, 9, '2019-02-26 08:20:35', '2019-02-26 08:39:05'),
(1764, 12, 3, 3, 'Udalost 3', '3', 1, 2000000, 0, 9, '2019-02-26 08:57:35', '2019-02-26 09:16:05'),
(1766, 12, 3, 3, 'Udalost 3', '3', 1, 2000000, 0, 9, '2019-02-26 09:34:35', '2019-02-26 09:53:05'),
(1768, 12, 3, 3, 'Udalost 3', '3', 1, 2000000, 0, 9, '2019-02-26 10:11:35', '2019-02-26 10:30:05'),
(1770, 12, 3, 3, 'Udalost 3', '3', 1, 2000000, 0, 9, '2019-02-26 10:48:35', '2019-02-26 11:07:05'),
(1772, 12, 3, 3, 'Udalost 3', '3', 1, 2000000, 0, 9, '2019-02-26 11:25:35', '2019-02-26 11:44:05'),
(1775, 12, 3, 3, 'Udalost 3', '3', 1, 2000000, 0, 9, '2019-02-26 12:39:35', '2019-02-26 12:58:05'),
(1777, 12, 3, 3, 'Udalost 3', '3', 1, 2000000, 0, 9, '2019-02-26 13:16:35', '2019-02-26 13:35:05'),
(1779, 12, 3, 3, 'Udalost 3', '3', 1, 2000000, 0, 9, '2019-02-26 13:53:35', '2019-02-26 14:12:05'),
(1781, 12, 3, 3, 'Udalost 3', '3', 1, 2000000, 0, 9, '2019-02-26 14:30:35', '2019-02-26 14:49:05'),
(1783, 12, 3, 3, 'Udalost 3', '3', 1, 2000000, 0, 9, '2019-02-26 15:07:35', '2019-02-26 15:26:05'),
(1786, 12, 3, 3, 'Udalost 3', '3', 1, 2000000, 0, 9, '2019-02-26 16:21:35', '2019-02-26 16:40:05'),
(1788, 12, 3, 3, 'Udalost 3', '3', 1, 2000000, 0, 9, '2019-02-26 16:58:35', '2019-02-26 17:17:05'),
(1790, 12, 3, 3, 'Udalost 3', '3', 1, 2000000, 0, 9, '2019-02-26 17:35:35', '2019-02-26 17:54:05'),
(1792, 12, 3, 3, 'Udalost 3', '3', 1, 2000000, 0, 9, '2019-02-26 18:12:35', '2019-02-26 18:31:05'),
(1796, 12, 3, 3, 'Udalost 3', '3', 1, 2000000, 0, 9, '2019-02-26 20:03:35', '2019-02-26 20:22:05'),
(1798, 12, 3, 3, 'Udalost 3', '3', 1, 2000000, 0, 9, '2019-02-26 20:40:35', '2019-02-26 20:59:05'),
(1800, 12, 3, 3, 'Udalost 3', '3', 1, 2000000, 0, 9, '2019-02-26 21:17:35', '2019-02-26 21:36:05'),
(1802, 12, 3, 3, 'Udalost 3', '3', 1, 2000000, 0, 9, '2019-02-26 21:54:35', '2019-02-26 22:13:05'),
(1804, 12, 3, 3, 'Udalost 3', '3', 1, 2000000, 0, 9, '2019-02-26 22:31:35', '2019-02-26 22:50:05'),
(1806, 12, 3, 3, 'Udalost 3', '3', 1, 2000000, 0, 9, '2019-02-26 23:08:35', '2019-02-26 23:27:05'),
(1808, 12, 3, 3, 'Udalost 3', '3', 1, 2000000, 0, 9, '2019-02-26 23:45:35', '2019-02-27 00:04:05'),
(1810, 12, 3, 3, 'Udalost 3', '3', 1, 2000000, 0, 9, '2019-02-27 00:22:35', '2019-02-27 00:41:05'),
(1812, 12, 3, 3, 'Udalost 3', '3', 1, 2000000, 0, 9, '2019-02-27 00:59:35', '2019-02-27 01:18:05'),
(1814, 12, 3, 3, 'Udalost 3', '3', 1, 2000000, 0, 9, '2019-02-27 01:36:35', '2019-02-27 01:55:05'),
(1816, 12, 3, 3, 'Udalost 3', '3', 1, 2000000, 0, 9, '2019-02-27 02:13:35', '2019-02-27 02:32:05'),
(1818, 12, 3, 3, 'Udalost 3', '3', 1, 2000000, 0, 9, '2019-02-27 02:50:35', '2019-02-27 03:09:05'),
(1820, 12, 3, 3, 'Udalost 3', '3', 1, 2000000, 0, 9, '2019-02-27 03:27:35', '2019-02-27 03:46:05'),
(1822, 12, 3, 3, 'Udalost 3', '3', 1, 2000000, 0, 9, '2019-02-27 04:04:35', '2019-02-27 04:23:05'),
(1824, 12, 3, 3, 'Udalost 3', '3', 1, 2000000, 0, 9, '2019-02-27 04:41:35', '2019-02-27 05:00:05'),
(1826, 12, 3, 3, 'Udalost 3', '3', 1, 2000000, 0, 9, '2019-02-27 05:18:35', '2019-02-27 05:37:05'),
(1828, 12, 3, 3, 'Udalost 3', '3', 1, 2000000, 0, 9, '2019-02-27 05:55:35', '2019-02-27 06:14:05'),
(1830, 12, 3, 3, 'Udalost 3', '3', 1, 2000000, 0, 9, '2019-02-27 06:32:35', '2019-02-27 06:51:05'),
(1833, 12, 3, 3, 'Udalost 3', '3', 1, 2000000, 0, 9, '2019-02-27 07:46:35', '2019-02-27 08:05:05'),
(1835, 12, 3, 3, 'Udalost 3', '3', 1, 2000000, 0, 9, '2019-02-27 08:23:35', '2019-02-27 08:42:05'),
(1837, 12, 3, 3, 'Udalost 3', '3', 1, 2000000, 0, 9, '2019-02-27 09:00:35', '2019-02-27 09:19:05'),
(1839, 12, 3, 3, 'Udalost 3', '3', 1, 2000000, 0, 9, '2019-02-27 09:37:35', '2019-02-27 09:56:05'),
(1841, 12, 3, 3, 'Udalost 3', '3', 1, 2000000, 0, 9, '2019-02-27 10:14:35', '2019-02-27 10:33:05'),
(1843, 12, 3, 3, 'Udalost 3', '3', 1, 2000000, 0, 9, '2019-02-27 10:51:35', '2019-02-27 11:10:05'),
(1845, 12, 3, 3, 'Udalost 3', '3', 1, 2000000, 0, 9, '2019-02-27 11:28:35', '2019-02-27 11:47:05'),
(1848, 12, 3, 3, 'Udalost 3', '3', 1, 2000000, 0, 9, '2019-02-27 12:42:35', '2019-02-27 13:01:05'),
(1850, 12, 3, 3, 'Udalost 3', '3', 1, 2000000, 0, 9, '2019-02-27 13:19:35', '2019-02-27 13:38:05'),
(1852, 12, 3, 3, 'Udalost 3', '3', 1, 2000000, 0, 9, '2019-02-27 13:56:35', '2019-02-27 14:15:05'),
(1854, 12, 3, 3, 'Udalost 3', '3', 1, 2000000, 0, 9, '2019-02-27 14:33:35', '2019-02-27 14:52:05'),
(1856, 12, 3, 3, 'Udalost 3', '3', 1, 2000000, 0, 9, '2019-02-27 15:10:35', '2019-02-27 15:29:05'),
(1859, 12, 3, 3, 'Udalost 3', '3', 1, 2000000, 0, 9, '2019-02-27 16:24:35', '2019-02-27 16:43:05'),
(1861, 12, 3, 3, 'Udalost 3', '3', 1, 2000000, 0, 9, '2019-02-27 17:01:35', '2019-02-27 17:20:05'),
(1863, 12, 3, 3, 'Udalost 3', '3', 1, 2000000, 0, 9, '2019-02-27 17:38:35', '2019-02-27 17:57:05'),
(1865, 12, 3, 3, 'Udalost 3', '3', 1, 2000000, 0, 9, '2019-02-27 18:15:35', '2019-02-27 18:34:05'),
(1869, 12, 3, 3, 'Udalost 3', '3', 1, 2000000, 0, 9, '2019-02-27 20:06:35', '2019-02-27 20:25:05'),
(1871, 12, 3, 3, 'Udalost 3', '3', 1, 2000000, 0, 9, '2019-02-27 20:43:35', '2019-02-27 21:02:05'),
(1873, 12, 3, 3, 'Udalost 3', '3', 1, 2000000, 0, 9, '2019-02-27 21:20:35', '2019-02-27 21:39:05'),
(1875, 12, 3, 3, 'Udalost 3', '3', 1, 2000000, 0, 9, '2019-02-27 21:57:35', '2019-02-27 22:16:05'),
(1877, 12, 3, 3, 'Udalost 3', '3', 1, 2000000, 0, 9, '2019-02-27 22:34:35', '2019-02-27 22:53:05'),
(1879, 12, 3, 3, 'Udalost 3', '3', 1, 2000000, 0, 9, '2019-02-27 23:11:35', '2019-02-27 23:30:05'),
(1881, 12, 3, 3, 'Udalost 3', '3', 1, 2000000, 0, 9, '2019-02-27 23:48:35', '2019-02-28 00:07:05'),
(1883, 12, 3, 3, 'Udalost 3', '3', 1, 2000000, 0, 9, '2019-02-28 00:25:35', '2019-02-28 00:44:05'),
(1885, 12, 3, 3, 'Udalost 3', '3', 1, 2000000, 0, 9, '2019-02-28 01:02:35', '2019-02-28 01:21:05'),
(1887, 12, 3, 3, 'Udalost 3', '3', 1, 2000000, 0, 9, '2019-02-28 01:39:35', '2019-02-28 01:58:05'),
(1889, 12, 3, 3, 'Udalost 3', '3', 1, 2000000, 0, 9, '2019-02-28 02:16:35', '2019-02-28 02:35:05'),
(1891, 12, 3, 3, 'Udalost 3', '3', 1, 2000000, 0, 9, '2019-02-28 02:53:35', '2019-02-28 03:12:05'),
(1893, 12, 3, 3, 'Udalost 3', '3', 1, 2000000, 0, 9, '2019-02-28 03:30:35', '2019-02-28 03:49:05'),
(1895, 12, 3, 3, 'Udalost 3', '3', 1, 2000000, 0, 9, '2019-02-28 04:07:35', '2019-02-28 04:26:05'),
(1897, 12, 3, 3, 'Udalost 3', '3', 1, 2000000, 0, 9, '2019-02-28 04:44:35', '2019-02-28 05:03:05'),
(1899, 12, 3, 3, 'Udalost 3', '3', 1, 2000000, 0, 9, '2019-02-28 05:21:35', '2019-02-28 05:40:05'),
(1901, 12, 3, 3, 'Udalost 3', '3', 1, 2000000, 0, 9, '2019-02-28 05:58:35', '2019-02-28 06:17:05'),
(1903, 12, 3, 3, 'Udalost 3', '3', 1, 2000000, 0, 9, '2019-02-28 06:35:35', '2019-02-28 06:54:05'),
(1906, 12, 3, 3, 'Udalost 3', '3', 1, 2000000, 0, 9, '2019-02-28 07:49:35', '2019-02-28 08:08:05'),
(1908, 12, 3, 3, 'Udalost 3', '3', 1, 2000000, 0, 9, '2019-02-28 08:26:35', '2019-02-28 08:45:05'),
(1910, 12, 3, 3, 'Udalost 3', '3', 1, 2000000, 0, 9, '2019-02-28 09:03:35', '2019-02-28 09:22:05'),
(1912, 12, 3, 3, 'Udalost 3', '3', 1, 2000000, 0, 9, '2019-02-28 09:40:35', '2019-02-28 09:59:05'),
(1914, 12, 3, 3, 'Udalost 3', '3', 1, 2000000, 0, 9, '2019-02-28 10:17:35', '2019-02-28 10:36:05'),
(1916, 12, 3, 3, 'Udalost 3', '3', 1, 2000000, 0, 9, '2019-02-28 10:54:35', '2019-02-28 11:13:05'),
(1918, 12, 3, 3, 'Udalost 3', '3', 1, 2000000, 0, 9, '2019-02-28 11:31:35', '2019-02-28 11:50:05'),
(1921, 12, 3, 3, 'Udalost 3', '3', 1, 2000000, 0, 9, '2019-02-28 12:45:35', '2019-02-28 13:04:05'),
(1923, 12, 3, 3, 'Udalost 3', '3', 1, 2000000, 0, 9, '2019-02-28 13:22:35', '2019-02-28 13:41:05'),
(1925, 12, 3, 3, 'Udalost 3', '3', 1, 2000000, 0, 9, '2019-02-28 13:59:35', '2019-02-28 14:18:05'),
(1927, 12, 3, 3, 'Udalost 3', '3', 1, 2000000, 0, 9, '2019-02-28 14:36:35', '2019-02-28 14:55:05'),
(1929, 12, 3, 3, 'Udalost 3', '3', 1, 2000000, 0, 9, '2019-02-28 15:13:35', '2019-02-28 15:32:05'),
(1932, 12, 3, 3, 'Udalost 3', '3', 1, 2000000, 0, 9, '2019-02-28 16:27:35', '2019-02-28 16:46:05'),
(1934, 12, 3, 3, 'Udalost 3', '3', 1, 2000000, 0, 9, '2019-02-28 17:04:35', '2019-02-28 17:23:05'),
(1936, 12, 3, 3, 'Udalost 3', '3', 1, 2000000, 0, 9, '2019-02-28 17:41:35', '2019-02-28 18:00:05'),
(1938, 12, 3, 3, 'Udalost 3', '3', 1, 2000000, 0, 9, '2019-02-28 18:18:35', '2019-02-28 18:37:05'),
(1941, 12, 3, 3, 'Udalost 3', '3', 1, 2000000, 0, 9, '2019-02-28 19:32:35', '2019-02-28 19:51:05'),
(1943, 12, 3, 3, 'Udalost 3', '3', 1, 2000000, 0, 9, '2019-02-28 20:09:35', '2019-02-28 20:28:05'),
(1945, 12, 3, 3, 'Udalost 3', '3', 1, 2000000, 0, 9, '2019-02-28 20:46:35', '2019-02-28 21:05:05'),
(1947, 12, 3, 3, 'Udalost 3', '3', 1, 2000000, 0, 9, '2019-02-28 21:23:35', '2019-02-28 21:42:05'),
(1949, 12, 3, 3, 'Udalost 3', '3', 1, 2000000, 0, 9, '2019-02-28 22:00:35', '2019-02-28 22:19:05'),
(1951, 12, 3, 3, 'Udalost 3', '3', 1, 2000000, 0, 9, '2019-02-28 22:37:35', '2019-02-28 22:56:05'),
(1953, 12, 3, 3, 'Udalost 3', '3', 1, 2000000, 0, 9, '2019-02-28 23:14:35', '2019-02-28 23:33:05'),
(1955, 12, 3, 3, 'Udalost 3', '3', 1, 2000000, 0, 9, '2019-02-28 23:51:35', '0000-00-00 00:00:00'),
(2031, 12, 3, 3, 'Udalost 3', '3', 1, 2000000, 0, 9, '2019-03-07 00:31:35', '2019-03-13 00:50:05'),
(2033, 12, 3, 3, 'Udalost 3', '3', 1, 2000000, 0, 9, '2019-03-19 01:08:35', '2019-03-25 01:27:05'),
(2035, 12, 3, 3, 'Udalost 3', '3', 1, 2000000, 0, 9, '2019-03-31 01:45:35', '2019-04-06 02:04:05'),
(2037, 12, 3, 3, 'Udalost 3', '3', 1, 2000000, 0, 9, '2019-04-08 02:22:35', '2019-04-10 02:41:05'),
(2039, 12, 3, 3, 'Udalost 3', '3', 1, 2000000, 0, 9, '2019-04-12 02:59:35', '2019-04-14 03:18:05'),
(2041, 12, 3, 3, 'Udalost 3', '3', 1, 2000000, 0, 9, '2019-04-16 03:36:35', '2019-04-18 03:55:05'),
(2043, 12, 3, 3, 'Udalost 3', '3', 1, 2000000, 0, 9, '2019-04-20 04:13:35', '2019-04-22 04:32:05'),
(2045, 12, 3, 3, 'Udalost 3', '3', 1, 2000000, 0, 9, '2019-04-24 04:50:35', '2019-04-26 05:09:05'),
(2047, 12, 3, 3, 'Udalost 3', '3', 1, 2000000, 0, 9, '2019-04-28 05:27:35', '2019-04-30 05:46:05'),
(2049, 12, 3, 3, 'Udalost 3', '3', 1, 2000000, 0, 9, '2019-05-02 06:04:35', '2019-05-04 06:23:05'),
(2053, 12, 3, 3, 'Udalost 3', '3', 1, 2000000, 0, 9, '2019-05-14 07:55:35', '2019-05-16 08:14:05'),
(2055, 12, 3, 3, 'Udalost 3', '3', 1, 2000000, 0, 9, '2019-05-18 08:32:35', '2019-05-20 08:51:05'),
(2057, 12, 3, 3, 'Udalost 3', '3', 1, 2000000, 0, 9, '2019-05-22 09:09:35', '2019-05-24 09:28:05'),
(2059, 12, 3, 3, 'Udalost 3', '3', 1, 2000000, 0, 9, '2019-05-26 09:46:35', '2019-05-28 10:05:05'),
(2061, 12, 3, 3, 'Udalost 3', '3', 1, 2000000, 0, 9, '2019-05-30 10:23:35', '2019-06-01 10:42:05');

-- --------------------------------------------------------

--
-- Table structure for table `lifestyle`
--

CREATE TABLE IF NOT EXISTS `lifestyle` (
  `id` int(11) NOT NULL AUTO_INCREMENT,
  `value` varchar(255) COLLATE utf8_bin NOT NULL,
  `time_start` time NOT NULL,
  `time_end` time NOT NULL,
  PRIMARY KEY (`id`)
) ENGINE=InnoDB  DEFAULT CHARSET=utf8 COLLATE=utf8_bin AUTO_INCREMENT=5 ;

--
-- Dumping data for table `lifestyle`
--

INSERT INTO `lifestyle` (`id`, `value`, `time_start`, `time_end`) VALUES
(1, 'Breakfast', '07:00:00', '07:30:00'),
(2, 'Lunch', '12:00:00', '12:30:00'),
(3, 'Snack', '16:00:00', '16:15:00'),
(4, 'Dinner', '19:00:00', '19:30:00');

-- --------------------------------------------------------

--
-- Table structure for table `shared_events`
--

CREATE TABLE IF NOT EXISTS `shared_events` (
  `id` int(11) NOT NULL AUTO_INCREMENT,
  `owner_id` int(11) NOT NULL COMMENT 'Vlastnik udalosti',
  `shared_id` int(11) NOT NULL COMMENT 'S kym udalost sdili',
  `calendar_id` int(11) NOT NULL COMMENT 'ID udalosti',
  PRIMARY KEY (`id`),
  UNIQUE KEY `owner_id` (`owner_id`,`shared_id`,`calendar_id`)
) ENGINE=InnoDB  DEFAULT CHARSET=utf8 COLLATE=utf8_bin AUTO_INCREMENT=19 ;

--
-- Dumping data for table `shared_events`
--

INSERT INTO `shared_events` (`id`, `owner_id`, `shared_id`, `calendar_id`) VALUES
(9, 1, 2, 1),
(11, 1, 2, 2),
(13, 1, 4, 1),
(14, 1, 7, 4),
(15, 1, 10, 1),
(16, 1, 10, 2),
(12, 2, 1, 3);

-- --------------------------------------------------------

--
-- Table structure for table `user`
--

CREATE TABLE IF NOT EXISTS `user` (
  `id` int(11) NOT NULL AUTO_INCREMENT,
  `username` varchar(255) COLLATE utf8_bin NOT NULL,
  `password` varchar(512) COLLATE utf8_bin NOT NULL,
  `name` varchar(255) COLLATE utf8_bin NOT NULL,
  `surname` varchar(255) COLLATE utf8_bin NOT NULL,
  `created_at` timestamp NOT NULL DEFAULT CURRENT_TIMESTAMP ON UPDATE CURRENT_TIMESTAMP,
  PRIMARY KEY (`id`),
  UNIQUE KEY `username` (`username`)
) ENGINE=InnoDB  DEFAULT CHARSET=utf8 COLLATE=utf8_bin AUTO_INCREMENT=12 ;

--
-- Dumping data for table `user`
--

INSERT INTO `user` (`id`, `username`, `password`, `name`, `surname`, `created_at`) VALUES
(1, 'admin', 'admin', 'Stefan', 'Prokop', '2017-05-03 06:41:29'),
(2, 'test', 'test', 'Test', 'Testovic', '2017-05-03 06:41:53'),
(3, '2', '123', 'Test', 'Test', '2017-05-06 07:24:23'),
(4, 'lada', '123', 'Ladislav', 'Novak', '2017-05-06 17:18:01'),
(7, 'PLP', '1232', 'lalala', 'lalala', '2017-05-07 14:56:26'),
(9, 'iiuiouoi', '123', 'aslas', 'aass', '2017-05-07 15:07:11'),
(10, 'abcd', '123', 'Stefan', 'Prokop', '2017-05-08 05:21:14');

/*!40101 SET CHARACTER_SET_CLIENT=@OLD_CHARACTER_SET_CLIENT */;
/*!40101 SET CHARACTER_SET_RESULTS=@OLD_CHARACTER_SET_RESULTS */;
/*!40101 SET COLLATION_CONNECTION=@OLD_COLLATION_CONNECTION */;
